{
  "pools": [
    {
      "rolls": 1,
      "entries": [
        {
          "type": "minecraft:item",
          "weight": 1,
          "name": "minecraft:stone",
          "functions": [
            {
              "function": "minecraft:set_count",
              "count": 1
            },
            {
              "function": "minecraft:set_nbt",
              "tag": "{fancy_mo_random_6:1b}"
            }
          ]
        },
        {
          "type": "minecraft:item",
          "weight": 1,
          "name": "minecraft:stone",
          "functions": [
            {
              "function": "minecraft:set_count",
              "count": 2
            },
            {
              "function": "minecraft:set_nbt",
              "tag": "{fancy_mo_random_6:1b}"
            }
          ]
        },
        {
          "type": "minecraft:item",
          "weight": 1,
          "name": "minecraft:stone",
          "functions": [
            {
              "function": "minecraft:set_count",
              "count": 3
            },
            {
              "function": "minecraft:set_nbt",
              "tag": "{fancy_mo_random_6:1b}"
            }
          ]
        },
        {
          "type": "minecraft:item",
          "weight": 1,
          "name": "minecraft:stone",
          "functions": [
            {
              "function": "minecraft:set_count",
              "count": 4
            },
            {
              "function": "minecraft:set_nbt",
              "tag": "{fancy_mo_random_6:1b}"
            }
          ]
        },
        {
          "type": "minecraft:item",
          "weight": 1,
          "name": "minecraft:stone",
          "functions": [
            {
              "function": "minecraft:set_count",
              "count": 5
            },
            {
              "function": "minecraft:set_nbt",
              "tag": "{fancy_mo_random_6:1b}"
            }
          ]
        },
        {
          "type": "minecraft:item",
          "weight": 1,
          "name": "minecraft:stone",
          "functions": [
            {
              "function": "minecraft:set_count",
              "count": 6
            },
            {
              "function": "minecraft:set_nbt",
              "tag": "{fancy_mo_random_6:1b}"
            }
          ]
        }
      ]
    }
  ]
}