{
  "pools": [
    {
      "rolls": 1,
      "entries": [
        {
          "type": "minecraft:item",
          "weight": 1,
          "name": "minecraft:jigsaw",
          "functions": [
            {
              "function": "minecraft:set_count",
              "count": 102
            }
          ]
        },
        {
          "type": "minecraft:item",
          "weight": 5,
          "name": "minecraft:jigsaw",
          "functions": [
            {
              "function": "minecraft:set_count",
              "count": 101
            }
          ]
        }
      ]
    }
  ]
}