{"stats":{"minecraft:picked_up":{"minecraft:seagrass":1,"minecraft:slime_spawn_egg":2,"minecraft:iron_chestplate":1,"minecraft:prismarine_shard":6,"minecraft:wither_rose":29,"minecraft:gilded_blackstone":11,"minecraft:string":80,"minecraft:ocelot_spawn_egg":1,"minecraft:red_nether_bricks":1,"minecraft:ghast_spawn_egg":1,"minecraft:experience_bottle":3172,"minecraft:zoglin_spawn_egg":3,"minecraft:red_sand":7,"minecraft:gold_nugget":5,"minecraft:redstone_torch":60,"minecraft:ender_eye":1,"minecraft:stick":6,"minecraft:purpur_pillar":1,"minecraft:porkchop":5,"minecraft:zombie_spawn_egg":6,"minecraft:stone_sword":1,"minecraft:cactus":2,"minecraft:rotten_flesh":83,"minecraft:guardian_spawn_egg":3,"minecraft:netherite_chestplate":1,"minecraft:ravager_spawn_egg":1,"minecraft:blaze_rod":7,"minecraft:panda_spawn_egg":1,"minecraft:cod":3,"minecraft:cobblestone":4,"minecraft:rabbit_spawn_egg":1,"minecraft:cooked_beef":24,"minecraft:feather":3,"minecraft:water_bucket":1,"minecraft:wither_skeleton_skull":1,"minecraft:netherite_leggings":1,"minecraft:dirt":10,"minecraft:lantern":1,"minecraft:twisting_vines":5,"minecraft:bone":40,"minecraft:oak_planks":1,"minecraft:vindicator_spawn_egg":2,"minecraft:strider_spawn_egg":1,"minecraft:warped_wart_block":1,"minecraft:enderman_spawn_egg":6,"minecraft:sand":3,"minecraft:polar_bear_spawn_egg":1,"minecraft:wither_skeleton_spawn_egg":2,"minecraft:evoker_spawn_egg":1,"minecraft:skeleton_spawn_egg":3,"minecraft:netherite_helmet":1,"minecraft:horse_spawn_egg":1,"minecraft:oak_sapling":2,"minecraft:chorus_fruit":8,"minecraft:crimson_roots":5,"minecraft:nether_star":1,"minecraft:lingering_potion":1,"minecraft:blaze_spawn_egg":3,"minecraft:chicken":2,"minecraft:ladder":2,"minecraft:brown_mushroom":3,"minecraft:spider_spawn_egg":3,"minecraft:vex_spawn_egg":2,"minecraft:blackstone":1,"minecraft:beef":6,"minecraft:observer":1,"minecraft:chest":103,"minecraft:sugar_cane":24,"minecraft:phantom_membrane":3,"minecraft:egg":5,"minecraft:dark_oak_sapling":1,"minecraft:hoglin_spawn_egg":1,"minecraft:stone":75,"minecraft:mooshroom_spawn_egg":1,"minecraft:stone_button":1,"minecraft:carrot":8,"minecraft:redstone":17,"minecraft:drowned_spawn_egg":1,"minecraft:prismarine_crystals":3,"minecraft:arrow":338,"minecraft:weeping_vines":3,"minecraft:totem_of_undying":2,"minecraft:white_wool":1,"minecraft:elder_guardian_spawn_egg":2,"minecraft:netherite_boots":1,"minecraft:crimson_stem":1,"minecraft:salmon":1,"minecraft:leather":3,"minecraft:red_mushroom":4,"minecraft:ice":1,"minecraft:gunpowder":23,"minecraft:creeper_spawn_egg":2,"minecraft:rabbit_hide":1,"minecraft:silverfish_spawn_egg":2,"minecraft:iron_sword":1,"minecraft:pillager_spawn_egg":2,"minecraft:sweet_berries":6,"minecraft:lime_concrete":1,"minecraft:dragon_egg":11,"minecraft:spider_eye":10,"minecraft:slime_ball":2,"minecraft:donkey_spawn_egg":1,"minecraft:warped_roots":3,"minecraft:coal":5},"minecraft:mined":{"minecraft:grass_block":2,"minecraft:gilded_blackstone":12,"minecraft:fire":122,"minecraft:blackstone":1,"minecraft:chest":1,"minecraft:cobblestone":1,"minecraft:dark_oak_sapling":1,"minecraft:dirt":1,"minecraft:nether_bricks":3,"minecraft:green_terracotta":1,"minecraft:stone":2,"minecraft:polished_granite":2,"minecraft:quartz_bricks":1,"minecraft:lapis_ore":1,"minecraft:diorite":2,"minecraft:coal_ore":1,"minecraft:mycelium":1,"minecraft:cobweb":14},"minecraft:used":{"minecraft:peony":4,"minecraft:nether_brick_fence":26,"minecraft:writable_book":5,"minecraft:red_sand":366,"minecraft:melon":10,"minecraft:dispenser":2,"minecraft:dead_tube_coral_fan":8,"minecraft:smooth_quartz_slab":13,"minecraft:ladder":34,"minecraft:spruce_slab":117,"minecraft:bone_block":65,"minecraft:dead_brain_coral":5,"minecraft:poppy":6,"minecraft:polished_basalt":7,"minecraft:green_banner":3,"minecraft:chest":55,"minecraft:donkey_spawn_egg":1,"minecraft:brown_concrete":115,"minecraft:stone":3801,"minecraft:iron_sword":781,"minecraft:zombie_spawn_egg":17,"minecraft:warped_sign":25,"minecraft:vex_spawn_egg":2,"minecraft:bell":2,"minecraft:bubble_coral":1,"minecraft:grass":73,"minecraft:soul_campfire":2,"minecraft:farmland":10,"minecraft:green_terracotta":961,"minecraft:tube_coral":1,"minecraft:spruce_leaves":198,"minecraft:mooshroom_spawn_egg":1,"minecraft:lily_of_the_valley":4,"minecraft:soul_sand":190,"minecraft:cocoa_beans":12,"minecraft:skeleton_spawn_egg":1,"minecraft:brick_slab":25,"minecraft:jungle_planks":4,"minecraft:nether_bricks":359,"minecraft:carrot":13,"minecraft:orange_wool":58,"minecraft:jungle_slab":5,"minecraft:allium":1,"minecraft:acacia_sapling":8,"minecraft:acacia_button":2,"minecraft:azure_bluet":3,"minecraft:weeping_vines":149,"minecraft:obsidian":236,"minecraft:jungle_sapling":4,"minecraft:crimson_button":8,"minecraft:packed_ice":111,"minecraft:honey_block":6,"minecraft:lava_bucket":97,"minecraft:coal_ore":34,"minecraft:quartz_pillar":51,"minecraft:warped_hyphae":1,"minecraft:quartz_slab":2,"minecraft:lantern":9,"minecraft:grass_block":957,"minecraft:blue_orchid":5,"minecraft:panda_spawn_egg":1,"minecraft:birch_sapling":2,"minecraft:quartz_block":221,"minecraft:green_wool":1,"minecraft:wet_sponge":41,"minecraft:warped_nylium":79,"minecraft:netherite_hoe":14,"minecraft:dark_oak_leaves":781,"minecraft:crimson_roots":101,"minecraft:diorite_wall":5,"minecraft:repeater":5,"minecraft:blue_banner":1,"minecraft:stone_brick_stairs":74,"minecraft:stone_bricks":169,"minecraft:item_frame":21,"minecraft:slime_spawn_egg":1,"minecraft:bedrock":108,"minecraft:red_nether_brick_wall":65,"minecraft:birch_button":15,"minecraft:birch_trapdoor":3,"minecraft:red_carpet":8,"minecraft:redstone_lamp":10,"minecraft:snow":195,"minecraft:magma_block":91,"minecraft:bow":597,"minecraft:horn_coral":1,"minecraft:scaffolding":3,"minecraft:written_book":6,"minecraft:sweet_berries":17,"minecraft:oak_sapling":4,"minecraft:beetroot_seeds":7,"minecraft:acacia_fence":12,"minecraft:skeleton_skull":1,"minecraft:potato":7,"minecraft:fire_coral_fan":3,"minecraft:dark_oak_sapling":2,"minecraft:seagrass":25,"minecraft:dead_brain_coral_fan":7,"minecraft:large_fern":14,"minecraft:zoglin_spawn_egg":2,"minecraft:chiseled_polished_blackstone":13,"minecraft:emerald_ore":16,"minecraft:tube_coral_fan":2,"minecraft:diorite":191,"minecraft:end_rod":216,"minecraft:end_stone_bricks":269,"minecraft:wither_skeleton_skull":11,"minecraft:stone_pickaxe":3,"minecraft:elder_guardian_spawn_egg":2,"minecraft:birch_leaves":140,"minecraft:gray_carpet":24,"minecraft:acacia_trapdoor":5,"minecraft:prismarine":619,"minecraft:blackstone":635,"minecraft:orange_tulip":5,"minecraft:cactus":26,"minecraft:sandstone":320,"minecraft:redstone_block":15,"minecraft:end_stone_brick_slab":12,"minecraft:composter":1,"minecraft:sugar_cane":57,"minecraft:purpur_pillar":260,"minecraft:smooth_quartz_stairs":4,"minecraft:oak_leaves":358,"minecraft:white_wool":59,"minecraft:brain_coral":1,"minecraft:dark_oak_trapdoor":1,"minecraft:purpur_stairs":263,"minecraft:sand":173,"minecraft:light_blue_concrete":121,"minecraft:blast_furnace":2,"minecraft:light_blue_wool":26,"minecraft:yellow_concrete":144,"minecraft:black_banner":2,"minecraft:acacia_leaves":399,"minecraft:crossbow":10,"minecraft:blue_ice":4,"minecraft:dead_bubble_coral":5,"minecraft:sponge":113,"minecraft:blackstone_wall":10,"minecraft:stone_brick_wall":3,"minecraft:gray_concrete":169,"minecraft:lingering_potion":10,"minecraft:end_stone":1748,"minecraft:red_sandstone_wall":16,"minecraft:birch_fence":35,"minecraft:redstone_torch":15,"minecraft:sticky_piston":26,"minecraft:dead_fire_coral_fan":11,"minecraft:enderman_spawn_egg":1,"minecraft:lever":10,"minecraft:green_concrete":34,"minecraft:hoglin_spawn_egg":1,"minecraft:red_sandstone":1152,"minecraft:black_concrete":60,"minecraft:crying_obsidian":67,"minecraft:birch_slab":2,"minecraft:dark_oak_log":337,"minecraft:heavy_weighted_pressure_plate":4,"minecraft:light_gray_concrete":208,"minecraft:string":77,"minecraft:stone_button":23,"minecraft:lectern":2,"minecraft:diamond_ore":6,"minecraft:iron_door":6,"minecraft:gravel":164,"minecraft:lilac":8,"minecraft:dead_horn_coral":4,"minecraft:soul_lantern":25,"minecraft:blackstone_slab":5,"minecraft:evoker_spawn_egg":1,"minecraft:ocelot_spawn_egg":1,"minecraft:jungle_sign":2,"minecraft:nether_wart_block":319,"minecraft:diamond_sword":638,"minecraft:coal_block":70,"minecraft:dead_horn_coral_fan":13,"minecraft:smithing_table":1,"minecraft:bubble_coral_block":6,"minecraft:andesite":111,"minecraft:crimson_door":2,"minecraft:birch_log":50,"minecraft:chain":46,"minecraft:ice":69,"minecraft:cobweb":64,"minecraft:white_concrete":49,"minecraft:coarse_dirt":34,"minecraft:chorus_plant":21,"minecraft:golden_pickaxe":1,"minecraft:bone_meal":300,"minecraft:netherite_sword":296,"minecraft:oak_fence":15,"minecraft:iron_bars":77,"minecraft:rose_bush":25,"minecraft:jungle_leaves":269,"minecraft:purpur_block":747,"minecraft:polished_blackstone_brick_slab":1,"minecraft:brain_coral_fan":4,"minecraft:acacia_log":283,"minecraft:trident":7,"minecraft:orange_concrete":246,"minecraft:stone_sword":360,"minecraft:enchanting_table":1,"minecraft:crimson_fence":40,"minecraft:dead_bush":33,"minecraft:redstone_ore":26,"minecraft:red_concrete":178,"minecraft:redstone":43,"minecraft:mycelium":156,"minecraft:silverfish_spawn_egg":1,"minecraft:spruce_planks":43,"minecraft:ender_chest":1,"minecraft:sandstone_wall":11,"minecraft:structure_block":1,"minecraft:netherrack":1362,"minecraft:anvil":11,"minecraft:red_nether_brick_slab":3,"minecraft:brewing_stand":3,"minecraft:dirt":97,"minecraft:warped_wart_block":181,"minecraft:ancient_debris":24,"minecraft:hopper":9,"minecraft:chorus_flower":21,"minecraft:nether_quartz_ore":59,"minecraft:prismarine_bricks":7,"minecraft:spruce_stairs":41,"minecraft:twisting_vines":139,"minecraft:cobblestone_wall":10,"minecraft:stone_stairs":37,"minecraft:dead_tube_coral":4,"minecraft:bee_nest":13,"minecraft:spruce_fence":129,"minecraft:jungle_trapdoor":1,"minecraft:granite":274,"minecraft:warped_pressure_plate":1,"minecraft:blue_concrete":108,"minecraft:fern":19,"minecraft:shroomlight":16,"minecraft:purple_banner":53,"minecraft:andesite_wall":7,"minecraft:purple_stained_glass_pane":28,"minecraft:stone_brick_slab":33,"minecraft:ravager_spawn_egg":1,"minecraft:sea_lantern":35,"minecraft:chipped_anvil":1,"minecraft:bookshelf":23,"minecraft:iron_block":2,"minecraft:brick_stairs":8,"minecraft:slime_block":40,"minecraft:warped_fence":136,"minecraft:acacia_slab":65,"minecraft:spawner":4,"minecraft:jungle_log":137,"minecraft:smooth_quartz":1,"minecraft:bamboo":44,"minecraft:blaze_spawn_egg":1,"minecraft:tripwire_hook":5,"minecraft:purple_concrete":89,"minecraft:glowstone":72,"minecraft:basalt":252,"minecraft:lime_concrete":190,"minecraft:black_stained_glass":3,"minecraft:magenta_wool":26,"minecraft:tall_grass":30,"minecraft:iron_trapdoor":51,"minecraft:soul_soil":104,"minecraft:podzol":55,"minecraft:horn_coral_block":8,"minecraft:drowned_spawn_egg":2,"minecraft:netherite_pickaxe":30,"minecraft:infested_cobblestone":1,"minecraft:trapped_chest":3,"minecraft:granite_wall":7,"minecraft:crimson_pressure_plate":10,"minecraft:stone_pressure_plate":11,"minecraft:cooked_beef":160,"minecraft:pumpkin":10,"minecraft:orange_stained_glass_pane":6,"minecraft:turtle_egg":1,"minecraft:dead_bubble_coral_fan":10,"minecraft:horn_coral_fan":2,"minecraft:brain_coral_block":6,"minecraft:crimson_stem":61,"minecraft:wheat_seeds":4,"minecraft:quartz_bricks":30,"minecraft:water_bucket":457,"minecraft:warped_stem":39,"minecraft:iron_ore":21,"minecraft:tube_coral_block":7,"minecraft:cobblestone_stairs":11,"minecraft:snow_block":293,"minecraft:cartography_table":2,"minecraft:red_nether_bricks":61,"minecraft:bubble_coral_fan":2,"minecraft:smooth_sandstone_slab":46,"minecraft:brown_mushroom":11,"minecraft:red_mushroom_block":294,"minecraft:spruce_sign":4,"minecraft:cauldron":6,"minecraft:fletching_table":3,"minecraft:beacon":19,"minecraft:chiseled_nether_bricks":9,"minecraft:green_bed":3,"minecraft:cobblestone_slab":1,"minecraft:horse_spawn_egg":1,"minecraft:gold_ore":9,"minecraft:warped_roots":47,"minecraft:gilded_blackstone":81,"minecraft:pink_concrete":131,"minecraft:polished_blackstone_pressure_plate":11,"minecraft:rabbit_spawn_egg":1,"minecraft:orange_carpet":14,"minecraft:vine":626,"minecraft:rail":15,"minecraft:strider_spawn_egg":1,"minecraft:oak_slab":13,"minecraft:tnt":9,"minecraft:crafting_table":4,"minecraft:crimson_trapdoor":29,"minecraft:red_bed":1,"minecraft:red_mushroom":11,"minecraft:campfire":3,"minecraft:polar_bear_spawn_egg":1,"minecraft:fire_coral":1,"minecraft:painting":12,"minecraft:spruce_log":70,"minecraft:smoker":12,"minecraft:mushroom_stem":19,"minecraft:nether_gold_ore":50,"minecraft:oak_log":89,"minecraft:piston":12,"minecraft:dark_prismarine":188,"minecraft:wooden_hoe":2,"minecraft:flower_pot":17,"minecraft:cornflower":2,"minecraft:acacia_stairs":3,"minecraft:ghast_spawn_egg":1,"minecraft:dead_fire_coral":3,"minecraft:command_block":37,"minecraft:sunflower":2,"minecraft:spruce_pressure_plate":1,"minecraft:map":3,"minecraft:lapis_ore":20,"minecraft:jungle_stairs":10,"minecraft:cracked_nether_bricks":12,"minecraft:cyan_concrete":172,"minecraft:magenta_concrete":234,"minecraft:stone_slab":68,"minecraft:purpur_slab":377,"minecraft:spruce_trapdoor":28,"minecraft:spruce_sapling":4,"minecraft:crimson_nylium":254,"minecraft:yellow_wool":26,"minecraft:crimson_sign":6,"minecraft:magenta_banner":8,"minecraft:fire_coral_block":4,"minecraft:cobblestone":48,"minecraft:jungle_door":1,"minecraft:bucket":1,"minecraft:lapis_block":1,"minecraft:grass_path":28,"minecraft:end_portal_frame":10,"minecraft:wither_rose":29,"minecraft:sea_pickle":31,"minecraft:kelp":35,"minecraft:dandelion":4,"minecraft:splash_potion":24,"minecraft:brown_mushroom_block":63},"minecraft:custom":{"minecraft:interact_with_crafting_table":2,"minecraft:leave_game":135,"minecraft:time_since_death":61440,"minecraft:damage_resisted":4078,"minecraft:sprint_one_cm":170500,"minecraft:drop":81,"minecraft:deaths":217,"minecraft:jump":4873,"minecraft:interact_with_brewingstand":4,"minecraft:walk_on_water_one_cm":91812,"minecraft:interact_with_cartography_table":3,"minecraft:play_one_minute":2634270,"minecraft:open_enderchest":2,"minecraft:damage_dealt":54053,"minecraft:interact_with_beacon":1,"minecraft:crouch_one_cm":70232,"minecraft:inspect_dispenser":7,"minecraft:mob_kills":305,"minecraft:interact_with_anvil":5,"minecraft:climb_one_cm":57367,"minecraft:walk_one_cm":1167360,"minecraft:damage_dealt_absorbed":59014,"minecraft:sneak_time":78097,"minecraft:walk_under_water_one_cm":118843,"minecraft:interact_with_lectern":6,"minecraft:interact_with_blast_furnace":2,"minecraft:pot_flower":16,"minecraft:time_since_rest":61440,"minecraft:damage_taken":49129,"minecraft:trigger_trapped_chest":9,"minecraft:swim_one_cm":28824,"minecraft:fly_one_cm":17630507,"minecraft:open_chest":240,"minecraft:fall_one_cm":118104},"minecraft:dropped":{"minecraft:crimson_stem":1,"minecraft:cooked_beef":24,"minecraft:oak_log":1,"minecraft:dark_oak_sapling":1,"minecraft:spider_spawn_egg":3,"minecraft:warped_roots":1,"minecraft:polar_bear_spawn_egg":1,"minecraft:cod":3,"minecraft:dirt":1,"minecraft:grass":1,"minecraft:panda_spawn_egg":1,"minecraft:packed_ice":1,"minecraft:seagrass":1,"minecraft:vex_spawn_egg":2,"minecraft:netherite_boots":1,"minecraft:blaze_spawn_egg":1,"minecraft:jungle_sapling":1,"minecraft:chain":1,"minecraft:bone_meal":1,"minecraft:bone":12,"minecraft:birch_sapling":1,"minecraft:gunpowder":12,"minecraft:ocelot_spawn_egg":2,"minecraft:lingering_potion":1,"minecraft:acacia_sapling":1,"minecraft:arrow":384,"minecraft:strider_spawn_egg":1,"minecraft:warped_wart_block":1,"minecraft:netherite_pickaxe":1,"minecraft:vine":1,"minecraft:drowned_spawn_egg":1,"minecraft:netherite_helmet":1,"minecraft:netherite_chestplate":1,"minecraft:guardian_spawn_egg":3,"minecraft:observer":2,"minecraft:enderman_spawn_egg":2,"minecraft:zoglin_spawn_egg":3,"minecraft:dead_bush":1,"minecraft:slime_spawn_egg":1,"minecraft:string":72,"minecraft:spruce_sapling":1,"minecraft:purpur_pillar":1,"minecraft:ravager_spawn_egg":1,"minecraft:green_terracotta":1,"minecraft:lime_concrete":1,"minecraft:orange_concrete":1,"minecraft:ender_eye":4,"minecraft:diamond_ore":1,"minecraft:skeleton_spawn_egg":1,"minecraft:acacia_leaves":1,"minecraft:netherite_leggings":1,"minecraft:donkey_spawn_egg":1,"minecraft:stone":1,"minecraft:dragon_egg":3,"minecraft:iron_chestplate":1,"minecraft:oak_sapling":1,"minecraft:spider_eye":5,"minecraft:sandstone":1,"minecraft:bow":1,"minecraft:horse_spawn_egg":1},"minecraft:killed":{"minecraft:cave_spider":4,"minecraft:witch":2,"minecraft:spider":24,"minecraft:skeleton":15,"minecraft:guardian":9,"minecraft:bee":1,"minecraft:chicken":1,"minecraft:illusioner":1,"minecraft:turtle":1,"minecraft:cat":1,"minecraft:magma_cube":29,"minecraft:piglin":1,"minecraft:pig":1,"minecraft:elder_guardian":2,"minecraft:ender_dragon":2,"minecraft:creeper":14,"minecraft:sheep":2,"minecraft:pillager":11,"minecraft:zombie":28,"minecraft:mooshroom":1,"minecraft:stray":5,"minecraft:ghast":5,"minecraft:blaze":25,"minecraft:cow":1,"minecraft:vex":13,"minecraft:evoker":5,"minecraft:vindicator":9,"minecraft:slime":10,"minecraft:phantom":5,"minecraft:drowned":1,"minecraft:ocelot":1,"minecraft:husk":5,"minecraft:ravager":2,"minecraft:wither_skeleton":31,"minecraft:enderman":9},"minecraft:broken":{"minecraft:diamond_helmet":1,"minecraft:iron_boots":2,"minecraft:iron_chestplate":1,"minecraft:iron_leggings":2,"minecraft:netherite_chestplate":1,"minecraft:diamond_boots":1,"minecraft:iron_sword":2,"minecraft:netherite_leggings":1,"minecraft:diamond_chestplate":1,"minecraft:netherite_helmet":1,"minecraft:stone_sword":2,"minecraft:diamond_leggings":1,"minecraft:iron_helmet":2,"minecraft:netherite_boots":1},"minecraft:killed_by":{"minecraft:ghast":3,"minecraft:evoker":1,"minecraft:wither_skeleton":6,"minecraft:pillager":15,"minecraft:ravager":1,"minecraft:magma_cube":2,"minecraft:vindicator":1,"minecraft:cave_spider":3,"minecraft:blaze":14,"minecraft:elder_guardian":10,"minecraft:vex":20,"minecraft:stray":1,"minecraft:spider":1,"minecraft:ender_dragon":7,"minecraft:slime":1,"minecraft:skeleton":3,"minecraft:wither":9}},"DataVersion":2586}