{"stats":{"minecraft:custom":{"minecraft:leave_game":59,"minecraft:time_since_death":113880,"minecraft:sprint_one_cm":84328,"minecraft:drop":35,"minecraft:talked_to_villager":1,"minecraft:deaths":124,"minecraft:jump":4556,"minecraft:walk_on_water_one_cm":1029,"minecraft:play_one_minute":1774060,"minecraft:damage_dealt":340917,"minecraft:crouch_one_cm":4598,"minecraft:mob_kills":2119,"minecraft:damage_dealt_resisted":129182,"minecraft:climb_one_cm":36,"minecraft:walk_one_cm":1080000,"minecraft:damage_dealt_absorbed":142590,"minecraft:sneak_time":10156,"minecraft:walk_under_water_one_cm":577,"minecraft:time_since_rest":113881,"minecraft:damage_taken":44929,"minecraft:fly_one_cm":1332944,"minecraft:open_chest":44,"minecraft:fall_one_cm":97101},"minecraft:broken":{"minecraft:diamond_helmet":1,"minecraft:stone_pickaxe":1,"minecraft:iron_sword":1,"minecraft:stone_sword":7},"minecraft:killed":{"minecraft:cave_spider":36,"minecraft:zombified_piglin":5,"minecraft:witch":13,"minecraft:spider":216,"minecraft:dolphin":1,"minecraft:shulker":5,"minecraft:skeleton":110,"minecraft:mule":12,"minecraft:guardian":38,"minecraft:fox":21,"minecraft:chicken":330,"minecraft:silverfish":1,"minecraft:illusioner":4,"minecraft:turtle":3,"minecraft:cat":3,"minecraft:magma_cube":208,"minecraft:wolf":7,"minecraft:piglin":7,"minecraft:parrot":3,"minecraft:pig":20,"minecraft:elder_guardian":9,"minecraft:iron_golem":13,"minecraft:ender_dragon":1,"minecraft:strider":7,"minecraft:creeper":23,"minecraft:sheep":5,"minecraft:trader_llama":2,"minecraft:pillager":42,"minecraft:zombie":573,"minecraft:mooshroom":4,"minecraft:ghast":2,"minecraft:stray":9,"minecraft:blaze":13,"minecraft:cow":7,"minecraft:evoker":5,"minecraft:endermite":2,"minecraft:vindicator":14,"minecraft:slime":182,"minecraft:zoglin":1,"minecraft:horse":18,"minecraft:panda":3,"minecraft:llama":11,"minecraft:drowned":10,"minecraft:snow_golem":5,"minecraft:ocelot":5,"minecraft:husk":6,"minecraft:rabbit":10,"minecraft:bat":2,"minecraft:ravager":10,"minecraft:hoglin":4,"minecraft:squid":6,"minecraft:polar_bear":7,"minecraft:wither_skeleton":15,"minecraft:villager":9,"minecraft:enderman":16},"minecraft:picked_up":{"minecraft:shulker_shell":2,"minecraft:seagrass":3,"minecraft:slime_spawn_egg":4,"minecraft:black_carpet":4,"minecraft:light_blue_concrete":13,"minecraft:prismarine_shard":47,"minecraft:yellow_wool":9,"minecraft:diamond_sword":1,"minecraft:wither_rose":101,"minecraft:blue_concrete":230,"minecraft:string":342,"minecraft:ocelot_spawn_egg":1,"minecraft:ghast_spawn_egg":7,"minecraft:pufferfish":9,"minecraft:orange_concrete_powder":9,"minecraft:zoglin_spawn_egg":1,"minecraft:gold_nugget":1,"minecraft:coal_block":5,"minecraft:blue_wool":6,"minecraft:tipped_arrow":132,"minecraft:stick":3,"minecraft:acacia_log":9,"minecraft:pink_carpet":9,"minecraft:porkchop":47,"minecraft:diorite":6,"minecraft:warped_planks":6,"minecraft:rabbit_foot":1,"minecraft:brown_carpet":10,"minecraft:zombie_spawn_egg":74,"minecraft:stone_sword":6,"minecraft:cactus":5,"minecraft:command_block":1,"minecraft:rotten_flesh":683,"minecraft:light_blue_wool":13,"minecraft:tropical_fish":4,"minecraft:guardian_spawn_egg":5,"minecraft:green_wool":11,"minecraft:blaze_rod":4,"minecraft:panda_spawn_egg":3,"minecraft:cod":29,"minecraft:snowball":53,"minecraft:cobblestone":266,"minecraft:rabbit_spawn_egg":32,"minecraft:barrier":1,"minecraft:feather":384,"minecraft:magma_cream":11,"minecraft:warped_fungus_on_a_stick":1,"minecraft:andesite":34,"minecraft:brown_wool":8,"minecraft:orange_carpet":10,"minecraft:green_concrete_powder":9,"minecraft:potato":5,"minecraft:flint":2,"minecraft:bat_spawn_egg":2,"minecraft:lapis_lazuli":8,"minecraft:gray_concrete":15,"minecraft:cyan_concrete_powder":15,"minecraft:pink_concrete_powder":18,"minecraft:dirt":135,"minecraft:polished_granite":26,"minecraft:light_gray_concrete_powder":9,"minecraft:gray_concrete_powder":7,"minecraft:purple_carpet":8,"minecraft:bone":272,"minecraft:mossy_stone_bricks":1,"minecraft:glowstone_dust":6,"minecraft:rabbit":2,"minecraft:bamboo":3,"minecraft:cyan_concrete":23,"minecraft:vindicator_spawn_egg":2,"minecraft:pink_concrete":14,"minecraft:strider_spawn_egg":2,"minecraft:enderman_spawn_egg":2,"minecraft:structure_void":1,"minecraft:ink_sac":15,"minecraft:polar_bear_spawn_egg":31,"minecraft:orange_wool":12,"minecraft:polished_andesite":6,"minecraft:wither_skeleton_spawn_egg":1,"minecraft:skeleton_spawn_egg":34,"minecraft:stripped_acacia_log":1,"minecraft:light_gray_concrete":14,"minecraft:evoker_spawn_egg":19,"minecraft:black_concrete_powder":9,"minecraft:sugar":4,"minecraft:green_concrete":39,"minecraft:black_concrete":12,"minecraft:netherite_helmet":1,"minecraft:crossbow":1,"minecraft:granite":75,"minecraft:bone_meal":2,"minecraft:white_concrete":22,"minecraft:horse_spawn_egg":2,"minecraft:emerald":7,"minecraft:light_gray_carpet":10,"minecraft:oak_sapling":19,"minecraft:bricks":30,"minecraft:nether_star":1,"minecraft:blaze_spawn_egg":3,"minecraft:bee_nest":1,"minecraft:purple_wool":11,"minecraft:chicken":368,"minecraft:ladder":1,"minecraft:pink_wool":6,"minecraft:spider_spawn_egg":52,"minecraft:orange_concrete":25,"minecraft:vex_spawn_egg":5,"minecraft:white_carpet":9,"minecraft:magenta_wool":7,"minecraft:cyan_carpet":12,"minecraft:beef":21,"minecraft:cyan_wool":8,"minecraft:poppy":15,"minecraft:light_gray_wool":11,"minecraft:chest":7,"minecraft:egg":11,"minecraft:lime_wool":11,"minecraft:hoglin_spawn_egg":22,"minecraft:stone":1,"minecraft:mooshroom_spawn_egg":5,"minecraft:stone_button":1,"minecraft:brown_concrete_powder":4,"minecraft:carrot":2,"minecraft:redstone":3,"minecraft:prismarine_crystals":21,"minecraft:drowned_spawn_egg":7,"minecraft:blue_carpet":8,"minecraft:chicken_spawn_egg":73,"minecraft:blue_concrete_powder":11,"minecraft:stone_shovel":1,"minecraft:arrow":276,"minecraft:weeping_vines":1,"minecraft:saddle":8,"minecraft:totem_of_undying":4,"minecraft:mutton":7,"minecraft:white_wool":9,"minecraft:rail":1,"minecraft:wet_sponge":9,"minecraft:salmon":10,"minecraft:leather":45,"minecraft:brown_concrete":18,"minecraft:oak_log":36,"minecraft:gunpowder":26,"minecraft:witch_spawn_egg":3,"minecraft:red_carpet":11,"minecraft:gray_carpet":8,"minecraft:creeper_spawn_egg":2,"minecraft:rabbit_hide":9,"minecraft:silverfish_spawn_egg":95,"minecraft:iron_ingot":55,"minecraft:glass_bottle":7,"minecraft:acacia_sapling":17,"minecraft:purple_concrete":16,"minecraft:pillager_spawn_egg":95,"minecraft:red_concrete_powder":9,"minecraft:yellow_concrete":253,"minecraft:red_wool":2,"minecraft:lime_concrete":9,"minecraft:gravel":18,"minecraft:spruce_sapling":1,"minecraft:green_carpet":9,"minecraft:dragon_egg":20,"minecraft:spider_eye":91,"minecraft:leather_helmet":7,"minecraft:slime_ball":151,"minecraft:white_concrete_powder":5,"minecraft:donkey_spawn_egg":1,"minecraft:gray_wool":5,"minecraft:magenta_concrete":7,"minecraft:black_wool":6,"minecraft:red_concrete":150,"minecraft:coal":39,"minecraft:purple_concrete_powder":10,"minecraft:ender_pearl":10},"minecraft:mined":{"minecraft:oak_sapling":20,"minecraft:granite":76,"minecraft:acacia_log":9,"minecraft:grass_block":90,"minecraft:coal_block":11,"minecraft:polished_diorite":7,"minecraft:spawner":85,"minecraft:fire":2,"minecraft:chest":5,"minecraft:cobblestone":122,"minecraft:bricks":30,"minecraft:acacia_sapling":17,"minecraft:wither_rose":1,"minecraft:oak_log":37,"minecraft:dirt":48,"minecraft:andesite":34,"minecraft:stripped_acacia_log":1,"minecraft:stone":210,"minecraft:acacia_leaves":15,"minecraft:polished_granite":60,"minecraft:lapis_ore":1,"minecraft:diorite":6,"minecraft:coarse_dirt":15,"minecraft:coal_ore":34,"minecraft:gravel":20,"minecraft:cobweb":54,"minecraft:polished_andesite":14,"minecraft:mossy_stone_bricks":1},"minecraft:dropped":{"minecraft:evoker_spawn_egg":62,"minecraft:spider_spawn_egg":9,"minecraft:structure_void":1,"minecraft:vex_spawn_egg":2,"minecraft:blaze_spawn_egg":1,"minecraft:silverfish_spawn_egg":2,"minecraft:rabbit_hide":1,"minecraft:guardian_spawn_egg":2,"minecraft:barrier":1,"minecraft:feather":36,"minecraft:chicken_spawn_egg":3,"minecraft:zombie_spawn_egg":62,"minecraft:stone_sword":3,"minecraft:stone_shovel":1,"minecraft:chicken":36,"minecraft:skeleton_spawn_egg":1,"minecraft:diamond_sword":1,"minecraft:dragon_egg":1},"minecraft:used":{"minecraft:red_sand":1,"minecraft:dispenser":1,"minecraft:chest":4,"minecraft:stone":33,"minecraft:iron_sword":542,"minecraft:zombie_spawn_egg":59,"minecraft:green_terracotta":1,"minecraft:skeleton_spawn_egg":29,"minecraft:carrot":26,"minecraft:lava_bucket":4,"minecraft:coal_ore":68,"minecraft:grass_block":36,"minecraft:bedrock":225,"minecraft:bow":60,"minecraft:gold_block":17,"minecraft:dead_brain_coral_fan":1,"minecraft:spider_spawn_egg":38,"minecraft:emerald_ore":55,"minecraft:stone_pickaxe":549,"minecraft:redstone_block":10,"minecraft:oak_leaves":60,"minecraft:sand":2,"minecraft:lever":1,"minecraft:hoglin_spawn_egg":15,"minecraft:red_sandstone":33,"minecraft:string":72,"minecraft:stone_button":8,"minecraft:polished_granite":2,"minecraft:diamond_ore":24,"minecraft:gravel":4,"minecraft:evoker_spawn_egg":12,"minecraft:ocelot_spawn_egg":1,"minecraft:diamond_sword":623,"minecraft:coal_block":9,"minecraft:andesite":6,"minecraft:netherite_sword":1620,"minecraft:stone_sword":2163,"minecraft:flint_and_steel":3,"minecraft:redstone_ore":46,"minecraft:stone_shovel":107,"minecraft:silverfish_spawn_egg":83,"minecraft:cooked_chicken":13,"minecraft:dirt":64,"minecraft:oak_wood":4,"minecraft:granite":2,"minecraft:ravager_spawn_egg":1,"minecraft:iron_block":16,"minecraft:chicken_spawn_egg":29,"minecraft:emerald_block":7,"minecraft:netherite_pickaxe":203,"minecraft:cooked_beef":32,"minecraft:observer":2,"minecraft:iron_ore":90,"minecraft:gold_ore":1,"minecraft:diamond_block":2,"minecraft:rabbit_spawn_egg":26,"minecraft:rail":2,"minecraft:polar_bear_spawn_egg":16,"minecraft:warped_planks":128,"minecraft:oak_log":23,"minecraft:piston":1,"minecraft:ender_eye":4,"minecraft:diamond_pickaxe":51,"minecraft:command_block":8,"minecraft:lapis_ore":26,"minecraft:stone_axe":53,"minecraft:bucket":1,"minecraft:lapis_block":6,"minecraft:end_portal_frame":6},"minecraft:killed_by":{"minecraft:pillager":10,"minecraft:ravager":3,"minecraft:magma_cube":4,"minecraft:cave_spider":13,"minecraft:blaze":1,"minecraft:zombie":2,"minecraft:elder_guardian":7,"minecraft:vex":2,"minecraft:endermite":1,"minecraft:stray":1,"minecraft:spider":24,"minecraft:enderman":2,"minecraft:ender_dragon":3,"minecraft:slime":1,"minecraft:skeleton":9,"minecraft:guardian":1,"minecraft:wither":8}},"DataVersion":2567}