{"type":"empty","pools":[{"rolls":1,"bonus_rolls":0,"entries":[{"type":"item","weight":1,"name":"minecraft:stone","functions":[{"function":"set_count","count":1},{"function":"set_nbt","tag":"{fancy_sv_random10:1b}"}]},{"type":"item","weight":1,"name":"minecraft:stone","functions":[{"function":"set_count","count":2},{"function":"set_nbt","tag":"{fancy_sv_random10:1b}"}]},{"type":"item","weight":1,"name":"minecraft:stone","functions":[{"function":"set_count","count":3},{"function":"set_nbt","tag":"{fancy_sv_random10:1b}"}]},{"type":"item","weight":1,"name":"minecraft:stone","functions":[{"function":"set_count","count":4},{"function":"set_nbt","tag":"{fancy_sv_random10:1b}"}]},{"type":"item","weight":1,"name":"minecraft:stone","functions":[{"function":"set_count","count":5},{"function":"set_nbt","tag":"{fancy_sv_random10:1b}"}]},{"type":"item","weight":1,"name":"minecraft:stone","functions":[{"function":"set_count","count":6},{"function":"set_nbt","tag":"{fancy_sv_random10:1b}"}]},{"type":"item","weight":1,"name":"minecraft:stone","functions":[{"function":"set_count","count":7},{"function":"set_nbt","tag":"{fancy_sv_random10:1b}"}]},{"type":"item","weight":1,"name":"minecraft:stone","functions":[{"function":"set_count","count":8},{"function":"set_nbt","tag":"{fancy_sv_random10:1b}"}]},{"type":"item","weight":1,"name":"minecraft:stone","functions":[{"function":"set_count","count":9},{"function":"set_nbt","tag":"{fancy_sv_random10:1b}"}]},{"type":"item","weight":1,"name":"minecraft:stone","functions":[{"function":"set_count","count":10},{"function":"set_nbt","tag":"{fancy_sv_random10:1b}"}]}]}]}