{
  "criteria": {
    "requirement": {
      "trigger": "minecraft:player_hurt_entity",
      "conditions": {
        "entity": [
          {
            "condition": "minecraft:entity_properties",
            "entity": "this",
            "predicate": {
              "type": "minecraft:elder_guardian",
			  "location": {
			  "feature": "monument"
			  }
            }
          }
        ]
      }
    }
  },
  "rewards": {
  "function": "fancy_mobs:boss_elder_guardian"
  }
}