{"stat.craftItem.minecraft.leather_leggings":4,"stat.useItem.minecraft.chain_command_block":154,"stat.useItem.minecraft.repeater":88,"stat.leaveGame":33,"stat.useItem.minecraft.soul_sand":4,"stat.useItem.minecraft.skull":2,"stat.drop.minecraft.redstone":1,"stat.useItem.minecraft.repeating_command_block":51,"stat.useItem.minecraft.glowstone":4,"stat.drop.minecraft.skull":1,"stat.useItem.minecraft.planks":24,"stat.useItem.minecraft.end_rod":9,"stat.useItem.minecraft.nether_brick_stairs":21,"stat.useItem.minecraft.chorus_flower":2,"stat.useItem.minecraft.redstone_torch":13,"stat.useItem.minecraft.obsidian":94,"stat.useItem.minecraft.dirt":416,"stat.useItem.minecraft.red_sandstone_stairs":120,"stat.useItem.minecraft.stone_slab2":63,"stat.pickup.minecraft.sand":2,"stat.useItem.minecraft.red_flower":2,"stat.useItem.minecraft.red_nether_brick":4,"stat.useItem.minecraft.purpur_stairs":10,"stat.useItem.minecraft.anvil":5,"stat.flyOneCm":3517265,"stat.useItem.minecraft.ender_pearl":1,"stat.mineBlock.minecraft.sand":2,"stat.pickup.minecraft.chain_command_block":1,"stat.pickup.minecraft.redstone":2,"stat.timeSinceDeath":3039,"stat.useItem.minecraft.sign":59,"stat.useItem.minecraft.wooden_slab":5,"stat.useItem.minecraft.iron_door":8,"stat.trappedChestTriggered":10,"stat.pickup.minecraft.nether_wart":4,"stat.useItem.minecraft.oak_stairs":72,"stat.useItem.minecraft.nether_wart":3,"stat.furnaceInteraction":1,"stat.useItem.minecraft.armor_stand":39,"stat.useItem.minecraft.end_stone":235,"stat.useItem.minecraft.purpur_pillar":44,"stat.useItem.minecraft.redstone":72,"stat.useItem.minecraft.red_sandstone":275,"stat.sprintOneCm":61347,"stat.useItem.minecraft.diamond_block":1,"stat.useItem.minecraft.stone_stairs":37,"stat.pickup.minecraft.skull":1,"stat.useItem.minecraft.dark_oak_door":10,"stat.useItem.minecraft.stone_slab":48,"stat.useItem.minecraft.bed":3,"stat.useItem.minecraft.flint_and_steel":12,"stat.useItem.minecraft.magenta_glazed_terracotta":31,"stat.useItem.minecraft.wooden_button":3,"stat.useItem.minecraft.stone_pressure_plate":15,"stat.useItem.minecraft.ender_eye":37,"stat.useItem.minecraft.wooden_shovel":3,"stat.mineBlock.minecraft.soul_sand":1,"stat.deaths":80,"stat.drop":8,"stat.drop.minecraft.chain_command_block":1,"stat.playOneMinute":928174,"stat.craftItem.minecraft.leather_chestplate":9,"stat.pickup.minecraft.stone_button":5,"stat.useItem.minecraft.chorus_plant":30,"stat.useItem.minecraft.cake":17,"stat.useItem.minecraft.nether_brick":455,"stat.useItem.minecraft.purpur_block":12,"stat.pickup.minecraft.item_frame":1,"stat.chestOpened":23,"stat.pickup.minecraft.sign":1,"stat.useItem.minecraft.stone":325,"stat.pickup.minecraft.gravel":6,"stat.useItem.minecraft.carpet":10,"stat.useItem.minecraft.bedrock":701,"stat.jump":1191,"stat.fallOneCm":1734,"stat.drop.minecraft.stone":1,"stat.useItem.minecraft.trapped_chest":2,"stat.useItem.minecraft.piston":16,"stat.crouchOneCm":76315,"stat.useItem.minecraft.nether_brick_fence":9,"stat.useItem.minecraft.stone_button":93,"stat.useItem.minecraft.light_weighted_pressure_plate":3,"stat.craftingTableInteraction":13,"stat.useItem.minecraft.dispenser":5,"stat.pickup.minecraft.command_block":2,"stat.pickup.minecraft.comparator":1,"stat.damageTaken":370,"stat.useItem.minecraft.furnace":2,"stat.dispenserInspected":20,"stat.drop.minecraft.stone_button":4,"stat.pickup.minecraft.ender_eye":2,"stat.useItem.minecraft.purple_shulker_box":3,"stat.useItem.minecraft.end_portal_frame":34,"stat.mineBlock.minecraft.gravel":3,"stat.useItem.minecraft.wool":13,"stat.useItem.minecraft.crafting_table":4,"stat.useItem.minecraft.iron_bars":4,"stat.useItem.minecraft.command_block":147,"stat.walkOneCm":464544,"stat.useItem.minecraft.torch":7,"stat.useItem.minecraft.chest":7,"stat.useItem.minecraft.pumpkin":4,"stat.useItem.minecraft.log":39,"stat.useItem.minecraft.comparator":42,"stat.useItem.minecraft.cobblestone":41,"stat.useItem.minecraft.tnt":3,"stat.craftItem.minecraft.leather_boots":5,"stat.useItem.minecraft.gravel":61,"stat.useItem.minecraft.lava_bucket":45,"stat.pickup.minecraft.bedrock":1,"stat.useItem.minecraft.redstone_block":20,"stat.useItem.minecraft.item_frame":4,"stat.pickup.minecraft.stone":1,"stat.shulkerBoxOpened":40,"stat.useItem.minecraft.stained_hardened_clay":18,"stat.pickup.minecraft.wooden_door":4,"stat.pickup.minecraft.chorus_fruit":11,"stat.useItem.minecraft.concrete":12,"stat.useItem.minecraft.glass_pane":8,"stat.useItem.minecraft.netherrack":315,"stat.pickup.minecraft.barrier":1,"stat.useItem.minecraft.barrier":1445,"stat.useItem.minecraft.wooden_pressure_plate":1,"stat.useItem.minecraft.wooden_door":7,"stat.useItem.minecraft.cobblestone_wall":39,"stat.sneakTime":48136,"stat.pickup.minecraft.wool":2,"stat.useItem.minecraft.purpur_slab":39,"stat.useItem.minecraft.sandstone":67}