{
  "display": {
    "icon": {
      "item": "minecraft:shulker_box"
    },
    "title": "Rainbow Storage",
    "description": "Have a white, orange, magenta, light_blue, yellow, lime, pink, gray, light_gray, cyan, purple, blue, brown, green, red and black_shulker_box in your inventory!",
    "frame": "goal",
    "show_toast": true,
    "announce_to_chat": true,
    "hidden": false
  },
  "parent": "fancy_survival:prog_leave_end",
  "criteria": {
    "requirement": {
      "trigger": "minecraft:inventory_changed",
      "conditions": {
        "items": [
          {
            "item": "minecraft:white_shulker_box",
            "count": {
              "min": 1,
              "max": 2
            }
          },
		  {
            "item": "minecraft:orange_shulker_box",
            "count": {
              "min": 1,
              "max": 2
            }
          },
		  {
            "item": "minecraft:magenta_shulker_box",
            "count": {
              "min": 1,
              "max": 2
            }
          },
		  {
            "item": "minecraft:light_blue_shulker_box",
            "count": {
              "min": 1,
              "max": 2
            }
          },
		  {
            "item": "minecraft:yellow_shulker_box",
            "count": {
              "min": 1,
              "max": 2
            }
          },
		  {
            "item": "minecraft:lime_shulker_box",
            "count": {
              "min": 1,
              "max": 2
            }
          },
		  {
            "item": "minecraft:pink_shulker_box",
            "count": {
              "min": 1,
              "max": 2
            }
          },
		  {
            "item": "minecraft:gray_shulker_box",
            "count": {
              "min": 1,
              "max": 2
            }
          },
		  {
            "item": "minecraft:light_gray_shulker_box",
            "count": {
              "min": 1,
              "max": 2
            }
          },
		  {
            "item": "minecraft:cyan_shulker_box",
            "count": {
              "min": 1,
              "max": 2
            }
          },
		  {
            "item": "minecraft:purple_shulker_box",
            "count": {
              "min": 1,
              "max": 2
            }
          },
		  {
            "item": "minecraft:blue_shulker_box",
            "count": {
              "min": 1,
              "max": 2
            }
          },
		  {
            "item": "minecraft:brown_shulker_box",
            "count": {
              "min": 1,
              "max": 2
            }
          },
		  {
            "item": "minecraft:green_shulker_box",
            "count": {
              "min": 1,
              "max": 2
            }
          },
		  {
            "item": "minecraft:red_shulker_box",
            "count": {
              "min": 1,
              "max": 2
            }
          },
		  {
            "item": "minecraft:black_shulker_box",
            "count": {
              "min": 1,
              "max": 2
            }
          }
        ]
      }
    }
  },
  "rewards": {
    "function": "fancy_survival:reward_epic"
  }
}