{
  "display": {
    "icon": {
      "item": "minecraft:end_crystal"
    },
    "title": "Three Head Terminator",
    "description": "Kill wither boss!",
    "frame": "goal",
    "show_toast": true,
    "announce_to_chat": true,
    "hidden": false
  },
  "parent": "fancy_survival:end_kill_elder_guardian",
  "criteria": {
    "requirement": {
      "trigger": "minecraft:player_killed_entity",
      "conditions": {
        "entity": [
          {
            "condition": "minecraft:entity_properties",
            "entity": "this",
            "predicate": {
              "type": "minecraft:wither"
            }
          }
        ]
      }
    }
  },
  "rewards": {
    "function": "fancy_survival:reward_mystical"
  }
}