{
  "display": {
    "icon": {
      "item": "minecraft:brewing_stand"
    },
    "title": "You Deserve It",
    "description": "Kill a witch that has strength, regeneration, poison, water_breathing, slowness, speed, fire_resistance, jump_boost, invisibility, slow_falling, luck, resistance, weakness and night_vision potion effect!",
    "frame": "goal",
    "show_toast": true,
    "announce_to_chat": true,
    "hidden": false
  },
  "parent": "fancy_survival:end_breed_pigs",
  "criteria": {
    "requirement": {
      "trigger": "minecraft:player_killed_entity",
      "conditions": {
        "entity": [
          {
            "condition": "minecraft:entity_properties",
            "entity": "this",
            "predicate": {
              "type": "minecraft:witch",
              "effects": {
                "minecraft:strength": {},
                "minecraft:regeneration": {},
                "minecraft:poison": {},
                "minecraft:water_breathing": {},
                "minecraft:slowness": {},
                "minecraft:speed": {},
                "minecraft:fire_resistance": {},
                "minecraft:jump_boost": {},
                "minecraft:invisibility": {},
                "minecraft:slow_falling": {},
                "minecraft:luck": {},
                "minecraft:resistance": {},
                "minecraft:weakness": {},
                "minecraft:night_vision": {}
              }
            }
          }
        ]
      }
    }
  },
  "rewards": {
    "function": "fancy_survival:reward_super"
  }
}