{
  "display": {
    "icon": {
      "item": "minecraft:creeper_head"
    },
    "title": "Classic Drops",
    "description": "Gather 64 bone, gunpowder, rotten_flesh and string!",
    "frame": "goal",
    "show_toast": true,
    "announce_to_chat": true,
    "hidden": false
  },
  "parent": "fancy_survival:prog_kill_blaze",
  "criteria": {
    "requirement": {
      "trigger": "minecraft:inventory_changed",
      "conditions": {
        "items": [
          {
            "item": "minecraft:gunpowder",
            "count": {
              "min": 64,
              "max": 100
            }
          },
		  {
            "item": "minecraft:bone",
            "count": {
              "min": 64,
              "max": 100
            }
          },
		  {
            "item": "minecraft:rotten_flesh",
            "count": {
              "min": 64,
              "max": 100
            }
          },
		  {
            "item": "minecraft:string",
            "count": {
              "min": 64,
              "max": 100
            }
          }
        ]
      }
    }
  },
  "rewards": {
    "function": "fancy_survival:reward_rare"
  }
}