{
  "display": {
    "icon": {
      "item": "minecraft:golden_shovel"
    },
    "title": "Gold Digger               ",
    "description": "Have one golden_apple, enchanted_golden_apple, golden_carrot, golden_shovel, golden_pickaxe, golden_axe, golden_sword, golden_hoe, golden_helmet, golden_chestplate, golden_leggings, golden_boots and golden_horse_armor in your inventory!",
    "frame": "goal",
    "show_toast": true,
    "announce_to_chat": true,
    "hidden": false
  },
  "parent": "fancy_survival:end_gold_ingot",
  "criteria": {
    "requirement": {
      "trigger": "minecraft:inventory_changed",
      "conditions": {
        "items": [
          {
            "item": "minecraft:golden_sword",
            "count": {
              "min": 1,
              "max": 2
            }
          },
		  {
            "item": "minecraft:golden_axe",
            "count": {
              "min": 1,
              "max": 2
            }
          },
		  {
            "item": "minecraft:golden_shovel",
            "count": {
              "min": 1,
              "max": 2
            }
          },
		  {
            "item": "minecraft:golden_pickaxe",
            "count": {
              "min": 1,
              "max": 2
            }
          },
		  {
            "item": "minecraft:golden_hoe",
            "count": {
              "min": 1,
              "max": 2
            }
          },
		  {
            "item": "minecraft:golden_helmet",
            "count": {
              "min": 1,
              "max": 2
            }
          },
		  {
            "item": "minecraft:golden_chestplate",
            "count": {
              "min": 1,
              "max": 2
            }
          },
		  {
            "item": "minecraft:golden_leggings",
            "count": {
              "min": 1,
              "max": 2
            }
          },
		  {
            "item": "minecraft:golden_boots",
            "count": {
              "min": 1,
              "max": 2
            }
          },
		  {
            "item": "minecraft:golden_horse_armor",
            "count": {
              "min": 1,
              "max": 2
            }
          },
		  {
            "item": "minecraft:golden_apple",
            "count": {
              "min": 1,
              "max": 64
            }
          },
		  {
            "item": "minecraft:enchanted_golden_apple",
            "count": {
              "min": 1,
              "max": 64
            }
          },
		  {
            "item": "minecraft:golden_carrot",
            "count": {
              "min": 1,
              "max": 64
            }
          }
        ]
      }
    }
  },
  "rewards": {
    "function": "fancy_survival:reward_epic"
  }
}