{
  "display": {
    "icon": {
      "item": "minecraft:end_rod"
    },
    "title": "Charge The Batteries",
    "description": "Summon a lightning_bolt using a trident enchanted with channeling that hits a villager, creeper, pig and mooshroom!",
    "frame": "goal",
    "show_toast": true,
    "announce_to_chat": true,
    "hidden": false
  },
  "parent": "fancy_survival:end_all_shulker_box",
  "criteria": {
     "requirement": {
      "trigger": "minecraft:channeled_lightning",
      "conditions": {
        "victims": [
          [
            {
              "condition": "minecraft:entity_properties",
              "entity": "this",
              "predicate": {
                "type": "minecraft:mooshroom"
              }
            }
          ],
          [
            {
              "condition": "minecraft:entity_properties",
              "entity": "this",
              "predicate": {
                "type": "minecraft:villager"
              }
            }
          ],
          [
            {
              "condition": "minecraft:entity_properties",
              "entity": "this",
              "predicate": {
                "type": "minecraft:pig"
              }
            }
          ],
          [
            {
              "condition": "minecraft:entity_properties",
              "entity": "this",
              "predicate": {
                "type": "minecraft:creeper"
              }
            }
          ]
        ]
      }
    }
  },
  "rewards": {
    "function": "fancy_survival:reward_super"
  }
}