{
  "display": {
    "icon": {
      "item": "minecraft:cauldron"
    },
    "title": "Never Equal",
    "description": "Breed a chicken that stands in a cauldron filled with water with a chicken that stands in a cauldron without water!",
    "frame": "goal",
    "show_toast": true,
    "announce_to_chat": true,
    "hidden": false
  },
  "parent": "fancy_survival:end_spawn_egg",
  "criteria": {
     "requirement": {
      "trigger": "minecraft:bred_animals",
      "conditions": {
        "parent": [
          {
            "condition": "minecraft:entity_properties",
            "entity": "this",
            "predicate": {
              "type": "minecraft:chicken",
              "location": {
                "block": {
                  "block": "minecraft:cauldron",
                  "state": {
                    "level": "3"
                  }
                }
              }
            }
          }
        ],
        "partner": [
          {
            "condition": "minecraft:entity_properties",
            "entity": "this",
            "predicate": {
              "type": "minecraft:chicken",
              "location": {
                "block": {
                  "block": "minecraft:cauldron",
                  "state": {
                    "level": "0"
                  }
                }
              }
            }
          }
        ]
      }
    }
  },
  "rewards": {
    "function": "fancy_survival:reward_rare"
  }
}