{
  "display": {
    "icon": {
      "item": "minecraft:experience_bottle"
    },
    "title": "Yeetable Collection",
    "description": "Gather 16 snowball, 16 ender_pearl, 1 fishing_rod, 1 splash_potion, 1 lingering_potion, 8 experience_bottle, 1 trident, 1 bow and 1 crossbow!",
    "frame": "goal",
    "show_toast": true,
    "announce_to_chat": true,
    "hidden": false
  },
  "parent": "fancy_survival:prog_ender_pearls",
  "criteria": {
    "requirement": {
      "trigger": "minecraft:inventory_changed",
      "conditions": {
        "items": [
          {
            "item": "minecraft:snowball",
            "count": {
              "min": 16,
              "max": 20
            }
          },
		  {
            "item": "minecraft:ender_pearl",
            "count": {
              "min": 16,
              "max": 20
            }
          },
		  {
            "item": "minecraft:fishing_rod",
            "count": {
              "min": 1,
              "max": 2
            }
          },
		  {
            "item": "minecraft:splash_potion",
            "count": {
              "min": 1,
              "max": 2
            }
          },
		  {
            "item": "minecraft:lingering_potion",
            "count": {
              "min": 1,
              "max": 2
            }
          },
		  {
            "item": "minecraft:experience_bottle",
            "count": {
              "min": 8,
              "max": 64
            }
          },
		  {
            "item": "minecraft:trident",
            "count": {
              "min": 1,
              "max": 2
            }
          },
		  {
            "item": "minecraft:bow",
            "count": {
              "min": 1,
              "max": 2
            }
          },
		  {
            "item": "minecraft:crossbow",
            "count": {
              "min": 1,
              "max": 2
            }
          }
        ]
      }
    }
  },
  "rewards": {
    "function": "fancy_survival:reward_legendary"
  }
}