{
  "display": {
    "icon": {
      "item": "minecraft:cake"
    },
    "title": "Varied Diet           ",
    "description": "Have 1 enchanted_golden_apple, 8 golden_apple, 1 cake, 64 cookie, 64 pumpkin_pie, 1 beetroot_soup, 1 mushroom_stew, 1 rabbit_stew, 8 poisonous_potato and 16 pufferfish in your inventory!",
    "frame": "goal",
    "show_toast": true,
    "announce_to_chat": true,
    "hidden": false
  },
  "parent": "fancy_survival:prog_blaze_rod",
  "criteria": {
    "requirement": {
      "trigger": "minecraft:inventory_changed",
      "conditions": {
        "items": [
          {
            "item": "minecraft:enchanted_golden_apple",
            "count": {
              "min": 1,
              "max": 64
            }
          },
		  {
            "item": "minecraft:golden_apple",
            "count": {
              "min": 8,
              "max": 64
            }
          },
		  {
            "item": "minecraft:cake",
            "count": {
              "min": 1,
              "max": 2
            }
          },
		  {
            "item": "minecraft:cookie",
            "count": {
              "min": 64,
              "max": 100
            }
          },
		  {
            "item": "minecraft:pumpkin_pie",
            "count": {
              "min": 64,
              "max": 100
            }
          },
		  {
            "item": "minecraft:beetroot_soup",
            "count": {
              "min": 1,
              "max": 2
            }
          },
		  {
            "item": "minecraft:rabbit_stew",
            "count": {
              "min": 1,
              "max": 2
            }
          },
		  {
            "item": "minecraft:mushroom_stew",
            "count": {
              "min": 1,
              "max": 2
            }
          },
		  {
            "item": "minecraft:poisonous_potato",
            "count": {
              "min": 8,
              "max": 64
            }
          },
		  {
            "item": "minecraft:pufferfish",
            "count": {
              "min": 16,
              "max": 64
            }
          }
        ]
      }
    }
  },
  "rewards": {
    "function": "fancy_survival:reward_epic"
  }
}