{
  "display": {
    "icon": {
      "item": "minecraft:spectral_arrow"
    },
    "title": "Tiny Target",
    "description": "Kill a endermite from 150 blocks away!",
    "frame": "goal",
    "show_toast": true,
    "announce_to_chat": true,
    "hidden": false
  },
  "parent": "fancy_survival:end_kill_wither",
  "criteria": {
   "requirement": {
      "trigger": "minecraft:player_killed_entity",
      "conditions": {
        "entity": [
          {
            "condition": "minecraft:entity_properties",
            "entity": "this",
            "predicate": {
              "type": "minecraft:endermite",
              "distance": {
                "absolute": {
                  "min": 150,
                  "max": 400
                },
                "horizontal": {
                  "min": 150,
                  "max": 400
                }
              }
            }
          }
        ]
      }
    }
  },
  "rewards": {
    "function": "fancy_survival:reward_super"
  }
}