{
  "display": {
    "icon": {
      "item": "minecraft:bone"
    },
    "title": "Short Living Pet",
    "description": "Tame a dog that is burning in lava!",
    "frame": "goal",
    "show_toast": true,
    "announce_to_chat": true,
    "hidden": false
  },
  "parent": "fancy_survival:sub_trade_villager",
  "criteria": {
    "requirement": {
      "trigger": "minecraft:tame_animal",
      "conditions": {
        "entity": [
          {
            "condition": "minecraft:entity_properties",
            "entity": "this",
            "predicate": {
              "type": "minecraft:wolf",
              "location": {
                "fluid": {
                  "tag": "minecraft:lava"
                }
              },
              "flags": {
                "is_on_fire": true
              }
            }
          }
        ]
      }
    }
  },
  "rewards": {
    "function": "fancy_survival:reward_rare"
  }
}