{
  "display": {
    "icon": {
      "item": "minecraft:chorus_flower"
    },
    "title": "Everything Purpur",
    "description": "Collect 64 purpur_slab, 64 purpur_block, 64 purpur_pillar and 64 purpur_stairs!",
    "frame": "goal",
    "show_toast": true,
    "announce_to_chat": true,
    "hidden": false
  },
  "parent": "fancy_survival:end_fruit",
  "criteria": {
    "requirement": {
      "trigger": "minecraft:inventory_changed",
      "conditions": {
        "items": [
          {
            "item": "minecraft:purpur_block",
            "count": {
              "min": 64,
              "max": 100
            }
          },
		  {
            "item": "minecraft:purpur_slab",
            "count": {
              "min": 64,
              "max": 100
            }
          },
		  {
            "item": "minecraft:purpur_pillar",
            "count": {
              "min": 64,
              "max": 100
            }
          },
		  {
            "item": "minecraft:purpur_stairs",
            "count": {
              "min": 64,
              "max": 100
            }
          }
        ]
      }
    }
  },
  "rewards": {
    "function": "fancy_survival:reward_rare"
  }
}