{
  "display": {
    "icon": {
      "item": "minecraft:shield"
    },
    "title": "Not Enough Armor",
    "description": "Have a full set of leather, chainmail, iron, golden, diamond and netherite armor. Have one iron, diamond, golden and leather horse armor. Have one turtle_helmet!",
    "frame": "goal",
    "show_toast": true,
    "announce_to_chat": true,
    "hidden": false
  },
  "parent": "fancy_survival:end_all_tools",
  "criteria": {
    "requirement": {
      "trigger": "minecraft:inventory_changed",
      "conditions": {
        "items": [
          {
            "item": "minecraft:iron_helmet",
            "count": {
              "min": 1,
              "max": 2
            }
          },
		  {
            "item": "minecraft:iron_chestplate",
            "count": {
              "min": 1,
              "max": 2
            }
          },
		  {
            "item": "minecraft:iron_leggings",
            "count": {
              "min": 1,
              "max": 2
            }
          },
		  {
            "item": "minecraft:iron_boots",
            "count": {
              "min": 1,
              "max": 2
            }
          },
		  {
            "item": "minecraft:turtle_helmet",
            "count": {
              "min": 1,
              "max": 2
            }
          },
		   {
            "item": "minecraft:chainmail_helmet",
            "count": {
              "min": 1,
              "max": 2
            }
          },
		  {
            "item": "minecraft:chainmail_chestplate",
            "count": {
              "min": 1,
              "max": 2
            }
          },
		  {
            "item": "minecraft:chainmail_leggings",
            "count": {
              "min": 1,
              "max": 2
            }
          },
		  {
            "item": "minecraft:chainmail_boots",
            "count": {
              "min": 1,
              "max": 2
            }
          },
		  {
            "item": "minecraft:iron_horse_armor",
            "count": {
              "min": 1,
              "max": 2
            }
          },
		  {
            "item": "minecraft:leather_helmet",
            "count": {
              "min": 1,
              "max": 2
            }
          },
		  {
            "item": "minecraft:leather_chestplate",
            "count": {
              "min": 1,
              "max": 2
            }
          },
		  {
            "item": "minecraft:leather_leggings",
            "count": {
              "min": 1,
              "max": 2
            }
          },
		  {
            "item": "minecraft:leather_boots",
            "count": {
              "min": 1,
              "max": 2
            }
          },
		  {
            "item": "minecraft:leather_horse_armor",
            "count": {
              "min": 1,
              "max": 2
            }
          },
		  {
            "item": "minecraft:diamond_helmet",
            "count": {
              "min": 1,
              "max": 2
            }
          },
		  {
            "item": "minecraft:diamond_chestplate",
            "count": {
              "min": 1,
              "max": 2
            }
          },
		  {
            "item": "minecraft:diamond_leggings",
            "count": {
              "min": 1,
              "max": 2
            }
          },
		  {
            "item": "minecraft:diamond_boots",
            "count": {
              "min": 1,
              "max": 2
            }
          },
		  {
            "item": "minecraft:golden_helmet",
            "count": {
              "min": 1,
              "max": 2
            }
          },
		  {
            "item": "minecraft:golden_chestplate",
            "count": {
              "min": 1,
              "max": 2
            }
          },
		  {
            "item": "minecraft:golden_leggings",
            "count": {
              "min": 1,
              "max": 2
            }
          },
		  {
            "item": "minecraft:golden_boots",
            "count": {
              "min": 1,
              "max": 2
            }
          },
		  {
            "item": "minecraft:diamond_horse_armor",
            "count": {
              "min": 1,
              "max": 2
            }
          },
		  {
            "item": "minecraft:netherite_helmet",
            "count": {
              "min": 1,
              "max": 2
            }
          },
		  {
            "item": "minecraft:netherite_chestplate",
            "count": {
              "min": 1,
              "max": 2
            }
          },
		  {
            "item": "minecraft:netherite_leggings",
            "count": {
              "min": 1,
              "max": 2
            }
          },
		  {
            "item": "minecraft:netherite_boots",
            "count": {
              "min": 1,
              "max": 2
            }
          },
		  {
            "item": "minecraft:golden_horse_armor",
            "count": {
              "min": 1,
              "max": 2
            }
          }
        ]
      }
    }
  },
  "rewards": {
    "function": "fancy_survival:reward_mystical"
  }
}