{
  "display": {
    "icon": {
      "item": "minecraft:redstone"
    },
    "title": "Electricity                 ",
    "description": "Have 8 daylight_detector, 16 trapped_chest, 16 target, 64 redstone, 8 lectern, 16 comparator, 24 repeater, 12 dispenser, 4 note_block, 16 sticky_piston, 16 piston, 16 observer, 16 dropper, 8 redstone_block, 16 redstone_lamp and 16 hopper!",
    "frame": "goal",
    "show_toast": true,
    "announce_to_chat": true,
    "hidden": false
  },
  "parent": "fancy_survival:end_can_throw",
  "criteria": {
    "requirement": {
      "trigger": "minecraft:inventory_changed",
      "conditions": {
        "items": [
          {
            "item": "minecraft:daylight_detector",
            "count": {
              "min": 8,
              "max": 64
            }
          },
		  {
            "item": "minecraft:trapped_chest",
            "count": {
              "min": 16,
              "max": 64
            }
          },
		  {
            "item": "minecraft:target",
            "count": {
              "min": 16,
              "max": 64
            }
          },
		  {
            "item": "minecraft:redstone",
            "count": {
              "min": 64,
              "max": 100
            }
          },
		  {
            "item": "minecraft:lectern",
            "count": {
              "min": 8,
              "max": 64
            }
          },
		  {
            "item": "minecraft:comparator",
            "count": {
              "min": 16,
              "max": 64
            }
          },
		  {
            "item": "minecraft:repeater",
            "count": {
              "min": 24,
              "max": 64
            }
          },
		  {
            "item": "minecraft:dispenser",
            "count": {
              "min": 12,
              "max": 64
            }
          },
		  {
            "item": "minecraft:note_block",
            "count": {
              "min": 4,
              "max": 64
            }
          },
		  {
            "item": "minecraft:sticky_piston",
            "count": {
              "min": 16,
              "max": 64
            }
          },
		  {
            "item": "minecraft:piston",
            "count": {
              "min": 16,
              "max": 64
            }
          },
		  {
            "item": "minecraft:observer",
            "count": {
              "min": 16,
              "max": 64
            }
          },
		  {
            "item": "minecraft:dropper",
            "count": {
              "min": 16,
              "max": 64
            }
          },
		  {
            "item": "minecraft:redstone_block",
            "count": {
              "min": 8,
              "max": 64
            }
          },
		  {
            "item": "minecraft:redstone_lamp",
            "count": {
              "min": 16,
              "max": 64
            }
          },
		  {
            "item": "minecraft:hopper",
            "count": {
              "min": 16,
              "max": 64
            }
          }
        ]
      }
    }
  },
  "rewards": {
    "function": "fancy_survival:reward_mystical"
  }
}