{
  "display": {
    "icon": {
      "item": "minecraft:turtle_egg"
    },
    "title": "Hello There",
    "description": "Spawn a mob using a mob_spawn_egg!",
    "frame": "goal",
    "show_toast": true,
    "announce_to_chat": true,
    "hidden": false
  },
  "parent": "fancy_survival:prog_obsidian",
  "criteria": {
      "requirement": {
      "trigger": "minecraft:item_used_on_block",
      "conditions": {
        "item": {
          "tag": "fs:spawn_egg"
        }
      }
    }
  },
  "rewards": {
    "function": "fancy_survival:reward_uncommon"
  }
}