{
  "display": {
    "icon": {
      "item": "minecraft:trident"
    },
    "title": "Complete Tool Box",
    "description": "Have one wooden, golden, stone, iron, diamond and netherite hoe/sword/pickaxe/axe/shovel in your inventory!",
    "frame": "goal",
    "show_toast": true,
    "announce_to_chat": true,
    "hidden": false
  },
  "parent": "fancy_survival:prog_nether",
  "criteria": {
    "requirement": {
      "trigger": "minecraft:inventory_changed",
      "conditions": {
        "items": [
          {
            "item": "minecraft:iron_sword",
            "count": {
              "min": 1,
              "max": 2
            }
          },
		  {
            "item": "minecraft:iron_shovel",
            "count": {
              "min": 1,
              "max": 2
            }
          },
		  {
            "item": "minecraft:iron_pickaxe",
            "count": {
              "min": 1,
              "max": 2
            }
          },
		  {
            "item": "minecraft:iron_axe",
            "count": {
              "min": 1,
              "max": 2
            }
          },
		  {
            "item": "minecraft:iron_hoe",
            "count": {
              "min": 1,
              "max": 2
            }
          },
		  {
            "item": "minecraft:wooden_sword",
            "count": {
              "min": 1,
              "max": 2
            }
          },
		  {
            "item": "minecraft:wooden_shovel",
            "count": {
              "min": 1,
              "max": 2
            }
          },
		  {
            "item": "minecraft:wooden_pickaxe",
            "count": {
              "min": 1,
              "max": 2
            }
          },
		  {
            "item": "minecraft:wooden_axe",
            "count": {
              "min": 1,
              "max": 2
            }
          },
		  {
            "item": "minecraft:wooden_hoe",
            "count": {
              "min": 1,
              "max": 2
            }
          },
		  {
            "item": "minecraft:stone_sword",
            "count": {
              "min": 1,
              "max": 2
            }
          },
		  {
            "item": "minecraft:stone_shovel",
            "count": {
              "min": 1,
              "max": 2
            }
          },
		  {
            "item": "minecraft:stone_pickaxe",
            "count": {
              "min": 1,
              "max": 2
            }
          },
		  {
            "item": "minecraft:stone_axe",
            "count": {
              "min": 1,
              "max": 2
            }
          },
		  {
            "item": "minecraft:stone_hoe",
            "count": {
              "min": 1,
              "max": 2
            }
          },
		  {
            "item": "minecraft:diamond_sword",
            "count": {
              "min": 1,
              "max": 2
            }
          },
		  {
            "item": "minecraft:diamond_shovel",
            "count": {
              "min": 1,
              "max": 2
            }
          },
		  {
            "item": "minecraft:diamond_pickaxe",
            "count": {
              "min": 1,
              "max": 2
            }
          },
		  {
            "item": "minecraft:diamond_axe",
            "count": {
              "min": 1,
              "max": 2
            }
          },
		  {
            "item": "minecraft:diamond_hoe",
            "count": {
              "min": 1,
              "max": 2
            }
          },
		  {
            "item": "minecraft:golden_sword",
            "count": {
              "min": 1,
              "max": 2
            }
          },
		  {
            "item": "minecraft:golden_shovel",
            "count": {
              "min": 1,
              "max": 2
            }
          },
		  {
            "item": "minecraft:golden_pickaxe",
            "count": {
              "min": 1,
              "max": 2
            }
          },
		  {
            "item": "minecraft:golden_axe",
            "count": {
              "min": 1,
              "max": 2
            }
          },
		  {
            "item": "minecraft:golden_hoe",
            "count": {
              "min": 1,
              "max": 2
            }
          },
		  {
            "item": "minecraft:netherite_sword",
            "count": {
              "min": 1,
              "max": 2
            }
          },
		  {
            "item": "minecraft:netherite_shovel",
            "count": {
              "min": 1,
              "max": 2
            }
          },
		  {
            "item": "minecraft:netherite_pickaxe",
            "count": {
              "min": 1,
              "max": 2
            }
          },
		  {
            "item": "minecraft:netherite_axe",
            "count": {
              "min": 1,
              "max": 2
            }
          },
		  {
            "item": "minecraft:netherite_hoe",
            "count": {
              "min": 1,
              "max": 2
            }
          }
        ]
      }
    }
  },
  "rewards": {
    "function": "fancy_survival:reward_epic"
  }
}