{
  "display": {
    "icon": {
      "item": "minecraft:ender_pearl"
    },
    "title": "Level Up",
    "description": "Get to experience level 100, gather 16 ender_pearl and 10 shulker_shell!",
    "frame": "goal",
    "show_toast": true,
    "announce_to_chat": true,
    "hidden": false
  },
  "parent": "fancy_survival:end_nether_drops",
  "criteria": {
    "requirement": {
      "trigger": "minecraft:inventory_changed",
      "conditions": {
        "player": [
          {
            "condition": "minecraft:entity_properties",
            "entity": "this",
            "predicate": {
              "player": {
                "level": {
                  "min": 100,
                  "max": 999999
                }
              }
            }
          }
        ],
        "items": [
          {
            "item": "minecraft:shulker_shell",
            "count": {
              "min": 10,
              "max": 64
            }
          },
          {
            "item": "minecraft:ender_pearl",
            "count": 16
          }
        ]
      }
    }
  },
  "rewards": {
    "function": "fancy_survival:reward_epic"
  }
}