{
  "display": {
    "icon": {
      "item": "minecraft:wither_skeleton_skull"
    },
    "title": "A Hot Collection",
    "description": "Collect 64 blaze_rod, 8 ghast_tear, 32 magma_cream, 64 gold_nugget and 3 wither_skeleton_skull!",
    "frame": "goal",
    "show_toast": true,
    "announce_to_chat": true,
    "hidden": false
  },
  "parent": "fancy_survival:end_overworld_drops",
  "criteria": {
    "requirement": {
      "trigger": "minecraft:inventory_changed",
      "conditions": {
        "items": [
          {
            "item": "minecraft:blaze_rod",
            "count": {
              "min": 64,
              "max": 100
            }
          },
		  {
            "item": "minecraft:ghast_tear",
            "count": {
              "min": 8,
              "max": 64
            }
          },
		  {
            "item": "minecraft:magma_cream",
            "count": {
              "min": 32,
              "max": 64
            }
          },
		  {
            "item": "minecraft:gold_nugget",
            "count": {
              "min": 64,
              "max": 100
            }
          },
		  {
            "item": "minecraft:wither_skeleton_skull",
            "count": {
              "min": 3,
              "max": 64
            }
          }
        ]
      }
    }
  },
  "rewards": {
    "function": "fancy_survival:reward_rare"
  }
}