{
  "display": {
    "icon": {
      "item": "minecraft:pufferfish_bucket"
    },
    "title": "Upgraded Guardian",
    "description": "Kill elder_guardian boss!",
    "frame": "goal",
    "show_toast": true,
    "announce_to_chat": true,
    "hidden": false
  },
  "parent": "fancy_survival:prog_kill_ender_dragon",
  "criteria": {
    "requirement": {
      "trigger": "minecraft:player_killed_entity",
      "conditions": {
        "entity": [
          {
            "condition": "minecraft:entity_properties",
            "entity": "this",
            "predicate": {
              "type": "minecraft:elder_guardian"
            }
          }
        ]
      }
    }
  },
  "rewards": {
    "function": "fancy_survival:reward_legendary"
  }
}