{
  "display": {
    "icon": {
      "item": "minecraft:redstone_lamp"
    },
    "title": "100% Brightness           ",
    "description": "Have one beacon, campfire, conduit, glowstone, jack_o_lantern, lantern, lava_bucket, redstone_lamp, respawn_anchor, sea_lantern, sea_pickle, shroomlight, end_rod, torch, blast_furnace, furnace, smoker, crying_obsidian, soul_campfire, soul_lantern, soul_torch, redstone_ore, ender_chest, redstone_torch, magma_block, brown_mushroom, dragon_egg and brewing_stand in your inventory!",
    "frame": "goal",
    "show_toast": true,
    "announce_to_chat": true,
    "hidden": false
  },
  "parent": "fancy_survival:prog_flint",
  "criteria": {
    "requirement": {
      "trigger": "minecraft:inventory_changed",
      "conditions": {
        "items": [
          {
            "item": "minecraft:beacon",
            "count": {
              "min": 1,
              "max": 64
            }
          },
		  {
		  "item": "minecraft:campfire",
            "count": {
              "min": 1,
              "max": 64
            }
          },
		  {
            "item": "minecraft:conduit",
            "count": {
              "min": 1,
              "max": 64
            }
          },
		  {
            "item": "minecraft:glowstone",
            "count": {
              "min": 1,
              "max": 64
            }
          },
		  {
            "item": "minecraft:jack_o_lantern",
            "count": {
              "min": 1,
              "max": 64
            }
          },
		  {
            "item": "minecraft:lantern",
            "count": {
              "min": 1,
              "max": 64
            }
          },
		  {
            "item": "minecraft:lava_bucket",
            "count": {
              "min": 1,
              "max": 64
            }
          },
		  {
            "item": "minecraft:redstone_lamp",
            "count": {
              "min": 1,
              "max": 64
            }
          },
		  {
            "item": "minecraft:respawn_anchor",
            "count": {
              "min": 1,
              "max": 64
            }
          },
		  {
            "item": "minecraft:sea_lantern",
            "count": {
              "min": 1,
              "max": 64
            }
          },
		  {
            "item": "minecraft:sea_pickle",
            "count": {
              "min": 1,
              "max": 64
            }
          },
		  {
            "item": "minecraft:shroomlight",
            "count": {
              "min": 1,
              "max": 64
            }
          },
		  {
            "item": "minecraft:end_rod",
            "count": {
              "min": 1,
              "max": 64
            }
          },
		  {
            "item": "minecraft:torch",
            "count": {
              "min": 1,
              "max": 64
            }
          },
		  {
            "item": "minecraft:blast_furnace",
            "count": {
              "min": 1,
              "max": 64
            }
          },
		  {
            "item": "minecraft:furnace",
            "count": {
              "min": 1,
              "max": 64
            }
          },
		  {
            "item": "minecraft:smoker",
            "count": {
              "min": 1,
              "max": 64
            }
          },
		  {
            "item": "minecraft:crying_obsidian",
            "count": {
              "min": 1,
              "max": 64
            }
          },
		  {
            "item": "minecraft:soul_campfire",
            "count": {
              "min": 1,
              "max": 64
            }
          },
		  {
            "item": "minecraft:soul_lantern",
            "count": {
              "min": 1,
              "max": 64
            }
          },
		  {
            "item": "minecraft:soul_torch",
            "count": {
              "min": 1,
              "max": 64
            }
          },
		  {
            "item": "minecraft:redstone_ore",
            "count": {
              "min": 1,
              "max": 64
            }
          },
		  {
            "item": "minecraft:ender_chest",
            "count": {
              "min": 1,
              "max": 64
            }
          },
		  {
            "item": "minecraft:redstone_torch",
            "count": {
              "min": 1,
              "max": 64
            }
          },
		  {
            "item": "minecraft:magma_block",
            "count": {
              "min": 1,
              "max": 64
            }
          },
		  {
            "item": "minecraft:brown_mushroom",
            "count": {
              "min": 1,
              "max": 64
            }
          },
		  {
            "item": "minecraft:dragon_egg",
            "count": {
              "min": 1,
              "max": 64
            }
          },
		  {
            "item": "minecraft:brewing_stand",
            "count": {
              "min": 1,
              "max": 64
            }
          }
        ]
      }
    }
  },
  "rewards": {
    "function": "fancy_survival:reward_mystical"
  }
}