{
  "display": {
    "icon": {
      "item": "minecraft:chorus_fruit"
    },
    "title": "Underrated Fruit",
    "description": "Eat one chorus_fruit!",
    "frame": "goal",
    "show_toast": true,
    "announce_to_chat": true,
    "hidden": false
  },
  "parent": "fancy_survival:prog_enter_end",
  "criteria": {
    "requirement": {
      "trigger": "minecraft:consume_item",
      "conditions": {
        "item": {
          "item": "minecraft:chorus_fruit"
        }
      }
    }
  },
  "rewards": {
    "function": "fancy_survival:reward_uncommon"
  }
}