{
  "display": {
    "icon": {
      "item": "minecraft:gold_ingot"
    },
    "title": "Piglins Bait",
    "description": "Collect 1 gold_ingot!",
    "frame": "goal",
    "show_toast": true,
    "announce_to_chat": true,
    "hidden": false
  },
  "parent": "fancy_survival:prog_flint_and_steel",
  "criteria": {
    "requirement": {
      "trigger": "minecraft:inventory_changed",
      "conditions": {
        "items": [
          {
            "item": "minecraft:gold_ingot",
            "count": {
              "min": 1,
              "max": 100
            }
          }
        ]
      }
    }
  },
  "rewards": {
    "function": "fancy_survival:reward_common"
  }
}