{
  "display": {
    "icon": {
      "item": "minecraft:bricks"
    },
    "title": "A Bricky World",
    "description": "Gather 64 bricks, 64 stone_bricks, 64 red_nether_bricks, 64 nether_bricks, 64 polished_blackstone_bricks, 64 end_stone_bricks, 64 prismarine_bricks and 64 quartz_bricks!",
    "frame": "goal",
    "show_toast": true,
    "announce_to_chat": true,
    "hidden": false
  },
  "parent": "fancy_survival:end_purpur",
  "criteria": {
    "requirement": {
      "trigger": "minecraft:inventory_changed",
      "conditions": {
        "items": [
          {
            "item": "minecraft:bricks",
            "count": {
              "min": 64,
              "max": 100
            }
          },
		  {
            "item": "minecraft:stone_bricks",
            "count": {
              "min": 64,
              "max": 100
            }
          },
		  {
            "item": "minecraft:red_nether_bricks",
            "count": {
              "min": 64,
              "max": 100
            }
          },
		  {
            "item": "minecraft:nether_bricks",
            "count": {
              "min": 64,
              "max": 100
            }
          },
		  {
            "item": "minecraft:polished_blackstone_bricks",
            "count": {
              "min": 64,
              "max": 100
            }
          },
		  {
            "item": "minecraft:end_stone_bricks",
            "count": {
              "min": 64,
              "max": 100
            }
          },
		  {
            "item": "minecraft:prismarine_bricks",
            "count": {
              "min": 64,
              "max": 100
            }
          },
		  {
            "item": "minecraft:quartz_bricks",
            "count": {
              "min": 64,
              "max": 100
            }
          }
        ]
      }
    }
  },
  "rewards": {
    "function": "fancy_survival:reward_legendary"
  }
}