{
  "criteria": {
    "requirement": {
      "trigger": "minecraft:location",
      "conditions": {
        "player": [
          {
            "condition": "minecraft:entity_properties",
            "entity": "this",
            "predicate": {
              "type": "minecraft:player",
              "flags": {
                "is_on_fire": true
              }
            }
          }
        ]
      }
    }
  },
  "rewards": {
    "function": "fancy_survival:when_burning"
  }
}