{
  "criteria": {
    "requirement": {
      "trigger": "minecraft:tick",
      "conditions": {
        "player": [
          {
            "condition": "minecraft:entity_properties",
            "entity": "this",
            "predicate": {
              "type": "minecraft:player",
              "flags": {
                "is_swimming": true
              }
            }
          },
          {
            "condition": "minecraft:random_chance",
            "chance": 0.05
          }
        ]
      }
    }
  },
  "rewards": {
    "function": "fancy_survival:xp_get_swim"
  }
}