{
  "display": {
    "icon": {
      "item": "minecraft:chiseled_sandstone"
    },
    "title": "Not Way To Hot",
    "description": "Visit the desert island!",
    "frame": "goal",
    "show_toast": true,
    "announce_to_chat": true,
    "hidden": false
  },
  "parent": "fancy_survival:go_ruined_portal",
  "criteria": {
   "requirement": {
      "trigger": "minecraft:location",
      "conditions": {
        "player": [
		{
            "condition": "minecraft:entity_properties",
            "entity": "this",
            "predicate": {
              "player": {
                "gamemode": "survival"
              }
            }
          },
          {
            "condition": "minecraft:location_check",
            "predicate": {
              "biome": "minecraft:desert"
            }
          }
        ]
      }
    }
  },
  "rewards": {
    "function": "fancy_survival:reward_uncommon"
  }
}