{
  "display": {
    "icon": {
      "item": "minecraft:cyan_concrete"
    },
    "title": "Never Enough RGB",
    "description": "Go to the RGB island!",
    "frame": "goal",
    "show_toast": true,
    "announce_to_chat": true,
    "hidden": false
  },
  "parent": "fancy_survival:go_bastion_remnant",
  "criteria": {
  "requirement": {
      "trigger": "minecraft:location",
      "conditions": {
        "player": [
		{
            "condition": "minecraft:entity_properties",
            "entity": "this",
            "predicate": {
              "player": {
                "gamemode": "survival"
              }
            }
          },
          {
            "condition": "minecraft:location_check",
            "predicate": {
              "biome": "minecraft:sunflower_plains"
            }
          }
        ]
      }
    }
  },
  "rewards": {
    "function": "fancy_survival:reward_uncommon"
  }
}