{
  "display": {
    "icon": {
      "item": "minecraft:birch_log"
    },
    "title": "The Real Future??",
    "description": "Visit the scrap island!",
    "frame": "goal",
    "show_toast": true,
    "announce_to_chat": true,
    "hidden": false
  },
  "parent": "fancy_survival:go_jungle_pyramid",
  "criteria": {
   "requirement": {
      "trigger": "minecraft:location",
      "conditions": {
        "player": [
		{
            "condition": "minecraft:entity_properties",
            "entity": "this",
            "predicate": {
              "player": {
                "gamemode": "survival"
              }
            }
          },
          {
            "condition": "minecraft:location_check",
            "predicate": {
              "biome": "minecraft:birch_forest"
            }
          }
        ]
      }
    }
  },
  "rewards": {
    "function": "fancy_survival:reward_rare"
  }
}