{
  "display": {
    "icon": {
      "item": "minecraft:end_portal_frame"
    },
    "title": "To The Moon",
    "description": "Visit the end island!",
    "frame": "challenge",
    "show_toast": true,
    "announce_to_chat": true,
    "hidden": false
  },
  "parent": "fancy_survival:prog_ender_pearls",
  "criteria": {
    "requirement": {
      "trigger": "minecraft:location",
      "conditions": {
        "player": [
		{
            "condition": "minecraft:entity_properties",
            "entity": "this",
            "predicate": {
              "player": {
                "gamemode": "survival"
              }
            }
          },
          {
            "condition": "minecraft:location_check",
            "predicate": {
              "biome": "minecraft:end_highlands"
            }
          }
        ]
      }
    }
  },
  "rewards": {
    "function": "fancy_survival:reward_mystical"
  }
}