{
  "display": {
    "icon": {
      "item": "minecraft:spawner"
    },
    "title": "Give Me More Mobs",
    "description": "Place a mob spawner!",
    "frame": "goal",
    "show_toast": true,
    "announce_to_chat": true,
    "hidden": false
  },
  "parent": "fancy_survival:prog_flint",
  "criteria": {
   "requirement": {
      "trigger": "minecraft:placed_block",
      "conditions": {
        "player": [],
        "block": "minecraft:spawner"
      }
	  }
    },
  "rewards": {
    "function": "fancy_survival:reward_rare"
  }
}
