{
  "display": {
    "icon": {
      "item": "minecraft:end_stone_bricks"
    },
    "title": "Victory Royale",
    "description": "Leave the island dimension through the end portal!",
    "frame": "challenge",
    "show_toast": true,
    "announce_to_chat": true,
    "hidden": false
  },
  "parent": "fancy_survival:prog_kill_ender_dragon",
  "criteria": {
    "requirement": {
      "trigger": "minecraft:changed_dimension",
      "conditions": {
        "from": "minecraft:overworld",
        "to": "minecraft:the_end"
      }
    }
  },
  "rewards": {
    "function": "fancy_survival:reward_super"
  }
}