{
  "display": {
    "icon": {
      "item": "minecraft:furnace"
    },
    "title": "Hot Is Better",
    "description": "Make a furnace!",
    "frame": "challenge",
    "show_toast": true,
    "announce_to_chat": true,
    "hidden": false
  },
  "parent": "fancy_survival:prog_iron_ore",
  "criteria": {
    "requirement": {
      "trigger": "minecraft:inventory_changed",
      "conditions": {
        "items": [
          {
            "item": "minecraft:furnace",
            "count": {
              "min": 1,
              "max": 64
            }
          }
        ]
      }
    }
  },
  "rewards": {
    "function": "fancy_survival:reward_uncommon"
  }
}