{
  "display": {
    "icon": {
      "item": "minecraft:iron_ingot"
    },
    "title": "Level Up",
    "description": "Have 3 iron_ingots in your inventory!",
    "frame": "challenge",
    "show_toast": true,
    "announce_to_chat": true,
    "hidden": false
  },
  "parent": "fancy_survival:prog_furnace",
  "criteria": {
    "requirement": {
      "trigger": "minecraft:inventory_changed",
      "conditions": {
        "items": [
          {
            "item": "minecraft:iron_ingot",
            "count": {
              "min": 3,
              "max": 64
            }
          }
        ]
      }
    }
  },
  "rewards": {
    "function": "fancy_survival:reward_rare"
  }
}