{
  "display": {
    "icon": {
      "item": "minecraft:dragon_head"
    },
    "title": "Who Is The King Now",
    "description": "Kill ender_dragon!",
    "frame": "challenge",
    "show_toast": true,
    "announce_to_chat": true,
    "hidden": false
  },
  "parent": "fancy_survival:prog_enter_end",
  "criteria": {
    "requirement": {
      "trigger": "minecraft:player_killed_entity",
      "conditions": {
        "entity": [
          {
            "condition": "minecraft:entity_properties",
            "entity": "this",
            "predicate": {
              "type": "minecraft:ender_dragon"
            }
          }
        ]
      }
    }
  },
  "rewards": {
    "function": "fancy_survival:reward_mystical"
  }
}