{
  "display": {
    "icon": {
      "item": "minecraft:blaze_spawn_egg"
    },
    "title": "Living Fire",
    "description": "Kill a blaze using snowball!",
    "frame": "challenge",
    "show_toast": true,
    "announce_to_chat": true,
    "hidden": false
  },
  "parent": "fancy_survival:prog_nether",
  "criteria": {
    "requirement": {
      "trigger": "minecraft:player_killed_entity",
      "conditions": {
        "player": {
          "distance": {
            "absolute": {
              "min": 0,
              "max": 100
            },
            "horizontal": {
              "min": 0,
              "max": 100
            }
          }
        },
        "entity": [
          {
            "condition": "minecraft:entity_properties",
            "entity": "this",
            "predicate": {
              "type": "minecraft:blaze"
            }
          }
        ],
        "killing_blow": {
          "direct_entity": {
            "type": "minecraft:snowball"
          }
        }
      }
    }
  },
  "rewards": {
    "function": "fancy_survival:reward_rare"
  }
}