{
  "display": {
    "icon": {
      "item": "minecraft:blaze_powder"
    },
    "title": "Burning Stick",
    "description": "Craft 16 blaze_powder!",
    "frame": "challenge",
    "show_toast": true,
    "announce_to_chat": true,
    "hidden": false
  },
  "parent": "fancy_survival:prog_kill_blaze",
  "criteria": {
    "requirement": {
      "trigger": "minecraft:inventory_changed",
      "conditions": {
        "items": [
          {
            "item": "minecraft:blaze_powder",
            "count": {
              "min": 16,
              "max": 64
            }
          }
        ]
      }
    }
  },
  "rewards": {
    "function": "fancy_survival:reward_epic"
  }
}