{
  "display": {
    "icon": {
      "item": "minecraft:diamond"
    },
    "title": "Glowing Mineral",
    "description": "Collect 3 diamonds!",
    "frame": "challenge",
    "show_toast": true,
    "announce_to_chat": true,
    "hidden": false
  },
  "parent": "fancy_survival:prog_iron_pickaxe",
  "criteria": {
    "requirement": {
      "trigger": "minecraft:inventory_changed",
      "conditions": {
        "items": [
          {
            "item": "minecraft:diamond",
            "count": {
              "min": 3,
              "max": 64
            }
          }
        ]
      }
    }
  },
  "rewards": {
    "function": "fancy_survival:reward_epic"
  }
}