{
  "display": {
    "icon": {
      "item": "minecraft:ender_eye"
    },
    "title": "Like An Enderman",
    "description": "Craft 16 ender_eye!",
    "frame": "challenge",
    "show_toast": true,
    "announce_to_chat": true,
    "hidden": false
  },
  "parent": "fancy_survival:prog_blaze_rod",
  "criteria": {
    "requirement": {
      "trigger": "minecraft:inventory_changed",
      "conditions": {
        "items": [
          {
            "item": "minecraft:ender_eye",
            "count": {
              "min": 16,
              "max": 64
            }
          }
        ]
      }
    }
  },
  "rewards": {
    "function": "fancy_survival:reward_legendary"
  }
}