{
  "display": {
    "icon": {
      "item": "minecraft:magma_block"
    },
    "title": "Hot Enough To Cook Food",
    "description": "Go to the fire forest island!",
    "frame": "challenge",
    "show_toast": true,
    "announce_to_chat": true,
    "hidden": false
  },
  "parent": "fancy_survival:prog_flint_and_steel",
  "criteria": {
   "requirement": {
      "trigger": "minecraft:location",
      "conditions": {
        "player": [
		{
            "condition": "minecraft:entity_properties",
            "entity": "this",
            "predicate": {
              "player": {
                "gamemode": "survival"
              }
            }
          },
          {
            "condition": "minecraft:location_check",
            "predicate": {
              "biome": "minecraft:crimson_forest"
            }
          }
        ]
      }
    }
  },
  "rewards": {
    "function": "fancy_survival:reward_legendary"
  }
}