{
  "display": {
    "icon": {
      "item": "minecraft:crafting_table"
    },
    "title": "Craft To Craft More",
    "description": "Craft a crafting table!",
    "frame": "challenge",
    "show_toast": true,
    "announce_to_chat": true,
    "hidden": false
  },
  "parent": "fancy_survival:prog_oak_log",
  "criteria": {
    "requirement": {
      "trigger": "minecraft:inventory_changed",
      "conditions": {
        "items": [
          {
            "item": "minecraft:crafting_table",
            "count": {
              "min": 1,
              "max": 64
            }
          }
        ]
      }
    }
  },
  "rewards": {
    "function": "fancy_survival:reward_common"
  }
}