{
  "display": {
    "icon": {
      "item": "minecraft:obsidian"
    },
    "title": "Its Hard To Mine",
    "description": "Mine 10 obsidian!",
    "frame": "challenge",
    "show_toast": true,
    "announce_to_chat": true,
    "hidden": false
  },
  "parent": "fancy_survival:prog_diamond_pickaxe",
  "criteria": {
    "requirement": {
      "trigger": "minecraft:inventory_changed",
      "conditions": {
        "items": [
          {
            "item": "minecraft:obsidian",
            "count": {
              "min": 10,
              "max": 64
            }
          }
        ]
      }
    }
  },
  "rewards": {
    "function": "fancy_survival:reward_epic"
  }
}