{
  "display": {
    "icon": {
      "item": "minecraft:oak_log"
    },
    "title": "Gather Wood",
    "description": "Have 3 logs in your inventory!",
    "frame": "challenge",
    "show_toast": true,
    "announce_to_chat": true,
    "hidden": false
  },
  "parent": "fancy_survival:prog_welcome",
  "criteria": {
    "requirement": {
      "trigger": "minecraft:inventory_changed",
      "conditions": {
        "items": [
          {
            "tag": "minecraft:logs",
            "count": {
              "min": 3,
              "max": 64
            }
          }
        ]
      }
    }
  },
  "rewards": {
    "function": "fancy_survival:reward_common"
  }
}