{
  "display": {
    "icon": {
      "item": "minecraft:netherite_block"
    },
    "title": "Unstoppable     ",
    "description": "Have one netherite_sword, netherite_shovel, netherite_pickaxe, netherite_axe, netherite_hoe, netherite_helmet, netherite_chestplate, netherite_leggings and netherite_boots in your inventory!",
    "frame": "goal",
    "show_toast": true,
    "announce_to_chat": true,
    "hidden": false
  },
  "parent": "fancy_survival:sub_diamond_items",
  "criteria": {
    "requirement": {
      "trigger": "minecraft:inventory_changed",
      "conditions": {
        "items": [
          {
            "item": "minecraft:netherite_sword",
            "count": {
              "min": 1,
              "max": 2
            }
          },
		  {
            "item": "minecraft:netherite_shovel",
            "count": {
              "min": 1,
              "max": 2
            }
          },
		  {
            "item": "minecraft:netherite_pickaxe",
            "count": {
              "min": 1,
              "max": 2
            }
          },
		  {
            "item": "minecraft:netherite_axe",
            "count": {
              "min": 1,
              "max": 2
            }
          },
		  {
            "item": "minecraft:netherite_hoe",
            "count": {
              "min": 1,
              "max": 2
            }
          },
		  {
            "item": "minecraft:netherite_helmet",
            "count": {
              "min": 1,
              "max": 2
            }
          },
		  {
            "item": "minecraft:netherite_chestplate",
            "count": {
              "min": 1,
              "max": 2
            }
          },
		  {
            "item": "minecraft:netherite_leggings",
            "count": {
              "min": 1,
              "max": 2
            }
          },
		  {
            "item": "minecraft:netherite_boots",
            "count": {
              "min": 1,
              "max": 2
            }
          }
        ]
      }
    }
  },
  "rewards": {
    "function": "fancy_survival:reward_super"
  }
}