{
  "display": {
    "icon": {
      "item": "minecraft:diamond_block"
    },
    "title": "Fill Me With Diamonds",
    "description": "Have one diamond_sword, diamond_shovel, diamond_pickaxe, diamond_axe, diamond_hoe, diamond_helmet, diamond_chestplate, diamond_leggings, diamond_boots and diamond_horse_armor in your inventory!",
    "frame": "goal",
    "show_toast": true,
    "announce_to_chat": true,
    "hidden": false
  },
  "parent": "fancy_survival:prog_diamond_pickaxe",
  "criteria": {
    "requirement": {
      "trigger": "minecraft:inventory_changed",
      "conditions": {
        "items": [
          {
            "item": "minecraft:diamond_sword",
            "count": {
              "min": 1,
              "max": 2
            }
          },
		  {
            "item": "minecraft:diamond_shovel",
            "count": {
              "min": 1,
              "max": 2
            }
          },
		  {
            "item": "minecraft:diamond_pickaxe",
            "count": {
              "min": 1,
              "max": 2
            }
          },
		  {
            "item": "minecraft:diamond_axe",
            "count": {
              "min": 1,
              "max": 2
            }
          },
		  {
            "item": "minecraft:diamond_hoe",
            "count": {
              "min": 1,
              "max": 2
            }
          },
		  {
            "item": "minecraft:diamond_helmet",
            "count": {
              "min": 1,
              "max": 2
            }
          },
		  {
            "item": "minecraft:diamond_chestplate",
            "count": {
              "min": 1,
              "max": 2
            }
          },
		  {
            "item": "minecraft:diamond_leggings",
            "count": {
              "min": 1,
              "max": 2
            }
          },
		  {
            "item": "minecraft:diamond_boots",
            "count": {
              "min": 1,
              "max": 2
            }
          },
		  {
            "item": "minecraft:diamond_horse_armor",
            "count": {
              "min": 1,
              "max": 2
            }
          }
        ]
      }
    }
  },
  "rewards": {
    "function": "fancy_survival:reward_legendary"
  }
}