{
  "display": {
    "icon": {
      "item": "minecraft:gold_ore"
    },
    "title": "Just Some Ores     ",
    "description": "Have one gold_ore, iron_ore, coal_ore, nether_gold_ore, lapis_ore, diamond_ore, redstone_ore, emerald_ore, nether_quartz_ore, gilded_blackstone and ancient_debris in your inventory!",
    "frame": "goal",
    "show_toast": true,
    "announce_to_chat": true,
    "hidden": false
  },
  "parent": "fancy_survival:prog_iron_ore",
  "criteria": {
    "requirement": {
      "trigger": "minecraft:inventory_changed",
      "conditions": {
        "items": [
          {
            "item": "minecraft:gold_ore",
            "count": {
              "min": 1,
              "max": 64
            }
          },
		  {
            "item": "minecraft:iron_ore",
            "count": {
              "min": 1,
              "max": 64
            }
          },
		  {
            "item": "minecraft:coal_ore",
            "count": {
              "min": 1,
              "max": 64
            }
          },
		  {
            "item": "minecraft:nether_gold_ore",
            "count": {
              "min": 1,
              "max": 64
            }
          },
		  {
            "item": "minecraft:lapis_ore",
            "count": {
              "min": 1,
              "max": 64
            }
          },
		  {
            "item": "minecraft:diamond_ore",
            "count": {
              "min": 1,
              "max": 64
            }
          },
		  {
            "item": "minecraft:redstone_ore",
            "count": {
              "min": 1,
              "max": 64
            }
          },
		  {
            "item": "minecraft:emerald_ore",
            "count": {
              "min": 1,
              "max": 64
            }
          },
		  {
            "item": "minecraft:nether_quartz_ore",
            "count": {
              "min": 1,
              "max": 64
            }
          },
		  {
            "item": "minecraft:gilded_blackstone",
            "count": {
              "min": 1,
              "max": 64
            }
          },
		  {
            "item": "minecraft:ancient_debris",
            "count": {
              "min": 1,
              "max": 64
            }
          }
        ]
      }
    }
  },
  "rewards": {
    "function": "fancy_survival:reward_mystical"
  }
}