{
  "display": {
    "icon": {
      "item": "minecraft:bamboo"
    },
    "title": "Furnace Fuel",
    "description": "Have 64 bamboo in your inventory!",
    "frame": "goal",
    "show_toast": true,
    "announce_to_chat": true,
    "hidden": false
  },
  "parent": "fancy_survival:sub_cactus",
  "criteria": {
    "requirement": {
      "trigger": "minecraft:inventory_changed",
      "conditions": {
	  
        "items": [
          {
            "item": "minecraft:bamboo",
            "count": {
              "min": 64,
              "max": 100
            }
          }
        ]
      }
    }
  },
  "rewards": {
    "function": "fancy_survival:reward_uncommon"
  }
}