{
  "display": {
    "icon": {
      "item": "minecraft:stone"
    },
    "title": "Everything Stone",
    "description": "Have all different stone tools in your inventory!",
    "frame": "goal",
    "show_toast": true,
    "announce_to_chat": true,
    "hidden": false
  },
  "parent": "fancy_survival:prog_stone_pickaxe",
  "criteria": {
    "requirement": {
      "trigger": "minecraft:inventory_changed",
      "conditions": {
        "items": [
          {
            "item": "minecraft:stone_sword",
            "count": {
              "min": 1,
              "max": 2
            }
          },
		  {
            "item": "minecraft:stone_axe",
            "count": {
              "min": 1,
              "max": 2
            }
          },
		  {
            "item": "minecraft:stone_shovel",
            "count": {
              "min": 1,
              "max": 2
            }
          },
		  {
            "item": "minecraft:stone_pickaxe",
            "count": {
              "min": 1,
              "max": 2
            }
          },
		  {
            "item": "minecraft:stone_hoe",
            "count": {
              "min": 1,
              "max": 2
            }
          }
        ]
      }
    }
  },
  "rewards": {
    "function": "fancy_survival:reward_rare"
  }
}