{
  "display": {
    "icon": {
      "item": "minecraft:egg"
    },
    "title": "Easter Eggs",
    "description": "Gather 16 egg and 64 cooked_chicken and 64 feather!",
    "frame": "goal",
    "show_toast": true,
    "announce_to_chat": true,
    "hidden": false
  },
  "parent": "fancy_survival:sub_wool",
  "criteria": {
    "requirement": {
      "trigger": "minecraft:inventory_changed",
      "conditions": {
        "items": [
          {
            "item": "minecraft:egg",
            "count": {
              "min": 16,
              "max": 30
            }
          },
		  {
            "item": "minecraft:cooked_chicken",
            "count": {
              "min": 64,
              "max": 100
            }
          },
		  {
            "item": "minecraft:feather",
            "count": {
              "min": 64,
              "max": 100
            }
          }
        ]
      }
    }
  },
  "rewards": {
    "function": "fancy_survival:reward_uncommon"
  }
}