{
  "display": {
    "icon": {
      "item": "minecraft:coal"
    },
    "title": "Two Types",
    "description": "Gather 64 coal and 64 charcoal!",
    "frame": "goal",
    "show_toast": true,
    "announce_to_chat": true,
    "hidden": false
  },
  "parent": "fancy_survival:prog_furnace",
  "criteria": {
    "requirement": {
      "trigger": "minecraft:inventory_changed",
      "conditions": {
        "items": [
          {
            "item": "minecraft:coal",
            "count": {
              "min": 64,
              "max": 100
            }
          },
		  {
            "item": "minecraft:charcoal",
            "count": {
              "min": 64,
              "max": 100
            }
          }
        ]
      }
    }
  },
  "rewards": {
    "function": "fancy_survival:reward_uncommon"
  }
}