{
  "display": {
    "icon": {
      "item": "minecraft:iron_block"
    },
    "title": "Iron Golem",
    "description": "Have iron_bars, iron_trapdoor, iron_door, iron_shovel, iron_pickaxe, iron_axe, iron_sword, iron_hoe, iron_helmet, iron_chestplate, iron_leggings, iron_boots and iron_horse_armor in your inventory!",
    "frame": "goal",
    "show_toast": true,
    "announce_to_chat": true,
    "hidden": false
  },
  "parent": "fancy_survival:prog_iron_pickaxe",
  "criteria": {
    "requirement": {
      "trigger": "minecraft:inventory_changed",
      "conditions": {
        "items": [
          {
            "item": "minecraft:iron_sword",
            "count": {
              "min": 1,
              "max": 2
            }
          },
		  {
            "item": "minecraft:iron_axe",
            "count": {
              "min": 1,
              "max": 2
            }
          },
		  {
            "item": "minecraft:iron_shovel",
            "count": {
              "min": 1,
              "max": 2
            }
          },
		  {
            "item": "minecraft:iron_pickaxe",
            "count": {
              "min": 1,
              "max": 2
            }
          },
		  {
            "item": "minecraft:iron_hoe",
            "count": {
              "min": 1,
              "max": 2
            }
          },
		  {
            "item": "minecraft:iron_helmet",
            "count": {
              "min": 1,
              "max": 2
            }
          },
		  {
            "item": "minecraft:iron_chestplate",
            "count": {
              "min": 1,
              "max": 2
            }
          },
		  {
            "item": "minecraft:iron_leggings",
            "count": {
              "min": 1,
              "max": 2
            }
          },
		  {
            "item": "minecraft:iron_boots",
            "count": {
              "min": 1,
              "max": 2
            }
          },
		  {
            "item": "minecraft:iron_horse_armor",
            "count": {
              "min": 1,
              "max": 2
            }
          },
		  {
            "item": "minecraft:iron_bars",
            "count": {
              "min": 1,
              "max": 64
            }
          },
		  {
            "item": "minecraft:iron_trapdoor",
            "count": {
              "min": 1,
              "max": 64
            }
          },
		  {
            "item": "minecraft:iron_door",
            "count": {
              "min": 1,
              "max": 64
            }
          }
        ]
      }
    }
  },
  "rewards": {
    "function": "fancy_survival:reward_epic"
  }
}