{
  "display": {
    "icon": {
      "item": "minecraft:dried_kelp_block"
    },
    "title": "Industrial Farmer",
    "description": "Have 64 dried_kelp_block in your inventory!",
    "frame": "goal",
    "show_toast": true,
    "announce_to_chat": true,
    "hidden": false
  },
  "parent": "fancy_survival:sub_bamboo",
  "criteria": {
    "requirement": {
      "trigger": "minecraft:inventory_changed",
      "conditions": {
	  
        "items": [
          {
            "item": "minecraft:dried_kelp_block",
            "count": {
              "min": 64,
              "max": 100
            }
          }
        ]
      }
    }
  },
  "rewards": {
    "function": "fancy_survival:reward_epic"
  }
}