{
  "display": {
    "icon": {
      "item": "minecraft:leather_chestplate"
    },
    "title": "Basic Protection",
    "description": "Craft a full leather armor set!",
    "frame": "goal",
    "show_toast": true,
    "announce_to_chat": true,
    "hidden": false
  },
  "parent": "fancy_survival:sub_wooden_tools",
  "criteria": {
    "requirement": {
      "trigger": "minecraft:inventory_changed",
      "conditions": {
        "items": [
          {
            "item": "minecraft:leather_helmet",
            "count": {
              "min": 1,
              "max": 2
            }
          },
		  {
            "item": "minecraft:leather_chestplate",
            "count": {
              "min": 1,
              "max": 2
            }
          },
		  {
            "item": "minecraft:leather_leggings",
            "count": {
              "min": 1,
              "max": 2
            }
          },
		  {
            "item": "minecraft:leather_boots",
            "count": {
              "min": 1,
              "max": 2
            }
          }
        ]
      }
    }
  },
  "rewards": {
    "function": "fancy_survival:reward_rare"
  }
}