{
  "display": {
    "icon": {
      "item": "minecraft:zombie_head"
    },
    "title": "Thank You          ",
    "description": "Drop a netherite_sword enchanted with sharpness 5, fire_aspect 2 and knockback 2. Then let a zombie pick it up!",
    "frame": "goal",
    "show_toast": true,
    "announce_to_chat": true,
    "hidden": false
  },
  "parent": "fancy_survival:end_tame_dog",
  "criteria": {
    "requirement": {
      "trigger": "minecraft:thrown_item_picked_up_by_entity",
      "conditions": {
        "player": [],
        "entity": {
          "type": "minecraft:zombie"
        },
        "item": {
          "item": "minecraft:netherite_sword",
          "count": 1,
          "enchantments": [
            {
              "enchantment": "minecraft:knockback",
              "levels": 2
            },
            {
              "enchantment": "minecraft:fire_aspect",
              "levels": 2
            },
            {
              "enchantment": "minecraft:sharpness",
              "levels": 5
            }
          ]
        }
      }
    }
  },
  "rewards": {
    "function": "fancy_survival:reward_legendary"
  }
}