{
  "display": {
    "icon": {
      "item": "minecraft:red_bed"
    },
    "title": "Sleep Problems",
    "description": "Sleep in a bed at y256, in ice_spikes biome, in smoke particle and a light level of 13!",
    "frame": "goal",
    "show_toast": true,
    "announce_to_chat": true,
    "hidden": false
  },
  "parent": "fancy_survival:sub_iron_items",
  "criteria": {
    "requirement": {
      "trigger": "minecraft:slept_in_bed",
      "conditions": {
        "player": [],
        "location": {
          "position": {
            "y": {
              "min": 253,
              "max": 260
            }
          },
          "biome": "minecraft:plains",
          "dimension": "minecraft:overworld",
          "light": {
            "light": 13
          },
          "smokey": true
        }
      }
    }
  },
  "rewards": {
    "function": "fancy_survival:reward_rare"
  }
}