{
  "display": {
    "icon": {
      "item": "minecraft:granite"
    },
    "title": "Stone Collection",
    "description": "Have 64 stone, granite, diorite, andesite, gravel, blackstone, endstone, basalt, netherrack and prismarine in your inventory!",
    "frame": "goal",
    "show_toast": true,
    "announce_to_chat": true,
    "hidden": false
  },
  "parent": "fancy_survival:prog_stone",
  "criteria": {
    "requirement": {
      "trigger": "minecraft:inventory_changed",
      "conditions": {
        "items": [
          {
            "item": "minecraft:stone",
            "count": {
              "min": 64,
              "max": 100
            }
          },
		  {
            "item": "minecraft:granite",
            "count": {
              "min": 64,
              "max": 100
            }
          },
		  {
            "item": "minecraft:andesite",
            "count": {
              "min": 64,
              "max": 100
            }
          },
		  {
            "item": "minecraft:diorite",
            "count": {
              "min": 64,
              "max": 100
            }
          },
		  {
            "item": "minecraft:gravel",
            "count": {
              "min": 64,
              "max": 100
            }
          },
		  {
            "item": "minecraft:blackstone",
            "count": {
              "min": 64,
              "max": 100
            }
          },
		  {
            "item": "minecraft:end_stone",
            "count": {
              "min": 64,
              "max": 100
            }
          },
		  {
            "item": "minecraft:netherrack",
            "count": {
              "min": 64,
              "max": 100
            }
          },
		  {
            "item": "minecraft:prismarine",
            "count": {
              "min": 64,
              "max": 100
            }
          }
        ]
      }
    }
  },
  "rewards": {
    "function": "fancy_survival:reward_epic"
  }
}