{
  "display": {
    "icon": {
      "item": "minecraft:chainmail_chestplate"
    },
    "title": "Uncraftable Armor",
    "description": "Wear a full set of chainmail armor!",
    "frame": "goal",
    "show_toast": true,
    "announce_to_chat": true,
    "hidden": false
  },
  "parent": "fancy_survival:sub_stone_tools",
  "criteria": {
    "requirement": {
      "trigger": "minecraft:inventory_changed",
      "conditions": {
        "items": [
          {
            "item": "minecraft:chainmail_helmet",
            "count": {
              "min": 1,
              "max": 2
            }
          },
		  {
            "item": "minecraft:chainmail_chestplate",
            "count": {
              "min": 1,
              "max": 2
            }
          },
		  {
            "item": "minecraft:chainmail_leggings",
            "count": {
              "min": 1,
              "max": 2
            }
          },
		  {
            "item": "minecraft:chainmail_boots",
            "count": {
              "min": 1,
              "max": 2
            }
          }
        ]
      }
    }
  },
  "rewards": {
    "function": "fancy_survival:reward_legendary"
  }
}