{
  "display": {
    "icon": {
      "item": "minecraft:player_head"
    },
    "title": "Last Words",
    "description": "Trade with a villager that is burning in lava!",
    "frame": "goal",
    "show_toast": true,
    "announce_to_chat": true,
    "hidden": false
  },
  "parent": "fancy_survival:sub_emerald",
  "criteria": {
     "requirement": {
      "trigger": "minecraft:villager_trade",
      "conditions": {
        "player": [],
        "villager": {
          "location": {
            "fluid": {
              "tag": "minecraft:lava"
            }
          },
          "flags": {
            "is_on_fire": true
          }
        }
      }
    }
  },
  "rewards": {
    "function": "fancy_survival:reward_uncommon"
  }
}