{
  "display": {
    "icon": {
      "item": "minecraft:netherite_boots"
    },
    "title": "Why Are You Running",
    "description": "Sprint while you are on fire!",
    "frame": "goal",
    "show_toast": true,
    "announce_to_chat": true,
    "hidden": false
  },
  "parent": "fancy_survival:sub_place_block",
  "criteria": {
    "requirement": {
      "trigger": "minecraft:location",
      "conditions": {
        "player": {
          "type": "minecraft:player",
          "flags": {
            "is_on_fire": true,
            "is_sprinting": true
          }
        }
      }
    }
  },
  "rewards": {
    "function": "fancy_survival:reward_common"
  }
}