{
  "display": {
    "icon": {
      "item": "minecraft:netherite_pickaxe"
    },
    "title": "Well Used         ",
    "description": "Have one netherite, pickaxe, axe, shovel and sword in your inventory enchanted with unbreaking 3 and a durability left of 1!",
    "frame": "goal",
    "show_toast": true,
    "announce_to_chat": true,
    "hidden": false
  },
  "parent": "fancy_survival:sub_two_coal",
  "criteria": {
    "requirement": {
      "trigger": "minecraft:inventory_changed",
      "conditions": {
        "items": [
          {
            "item": "minecraft:netherite_pickaxe",
            "count": 1,
            "durability": 1,
            "enchantments": [
              {
                "enchantment": "minecraft:unbreaking",
                "levels": 3
              }
            ]
          },
		  {
            "item": "minecraft:netherite_sword",
            "count": 1,
            "durability": 1,
            "enchantments": [
              {
                "enchantment": "minecraft:unbreaking",
                "levels": 3
              }
            ]
          },
		  {
            "item": "minecraft:netherite_axe",
            "count": 1,
            "durability": 1,
            "enchantments": [
              {
                "enchantment": "minecraft:unbreaking",
                "levels": 3
              }
            ]
          },
		  {
            "item": "minecraft:netherite_shovel",
            "count": 1,
            "durability": 1,
            "enchantments": [
              {
                "enchantment": "minecraft:unbreaking",
                "levels": 3
              }
            ]
          }
        ]
      }
    }
  },
  "rewards": {
    "function": "fancy_survival:reward_super"
  }
}