{
  "display": {
    "icon": {
      "item": "minecraft:potion"
    },
    "title": "Too Much Pain",
    "description": "Drink a potion of strong_harming (Instant damage II)!",
    "frame": "goal",
    "show_toast": true,
    "announce_to_chat": true,
    "hidden": false
  },
  "parent": "fancy_survival:sub_hit_target",
  "criteria": {
     "requirement": {
      "trigger": "minecraft:consume_item",
      "conditions": {
        "player": [],
        "item": {
          "potion": "minecraft:strong_harming"
        }
      }
    }
  },
  "rewards": {
    "function": "fancy_survival:reward_rare"
  }
}