{
  "display": {
    "icon": {
      "item": "minecraft:target"
    },
    "title": "Tactical Sniper     ",
    "description": "Hit a target block from 150 blocks away (Tip 150 block away when arrow hit target)!",
    "frame": "goal",
    "show_toast": true,
    "announce_to_chat": true,
    "hidden": false
  },
  "parent": "fancy_survival:prog_iron",
  "criteria": {
  "requirement": {
      "trigger": "minecraft:target_hit",
      "conditions": {
        "projectile": [
          {
            "condition": "minecraft:entity_properties",
            "entity": "this",
            "predicate": {
              "distance": {
                "absolute": {
                  "min": 150,
                  "max": 300
                },
                "horizontal": {
                  "min": 150,
                  "max": 300
                }
              }
            }
          }
        ],
        "signal_strength": {
          "min": 1,
          "max": 15
        }
      }
    }
  },
  "rewards": {
    "function": "fancy_survival:reward_epic"
  }
}