{
  "display": {
    "icon": {
      "item": "minecraft:leather"
    },
    "title": "Cow Farmer",
    "description": "Gather 64 leather and 64 cooked_beef!",
    "frame": "goal",
    "show_toast": true,
    "announce_to_chat": true,
    "hidden": false
  },
  "parent": "fancy_survival:prog_crafting_table",
  "criteria": {
    "requirement": {
      "trigger": "minecraft:inventory_changed",
      "conditions": {
        "items": [
          {
            "item": "minecraft:leather",
            "count": {
              "min": 64,
              "max": 100
            }
          },
		  {
            "item": "minecraft:cooked_beef",
            "count": {
              "min": 64,
              "max": 100
            }
          }
        ]
      }
    }
  },
  "rewards": {
    "function": "fancy_survival:reward_rare"
  }
}