{
  "display": {
    "icon": {
      "item": "minecraft:milk_bucket"
    },
    "title": "Cant Choose Side",
    "description": "Have hero_of_the_village and bad_omen potion effect at the sime time!",
    "frame": "goal",
    "show_toast": true,
    "announce_to_chat": true,
    "hidden": false
  },
  "parent": "fancy_survival:sub_leather_armor",
  "criteria": {
    "requirement": {
      "trigger": "minecraft:effects_changed",
      "conditions": {
        "effects": {
          "minecraft:bad_omen": {
            "amplifier": {
              "min": 0,
              "max": 255
            },
            "duration": {
              "min": 1,
              "max": 99999
            }
          },
          "minecraft:hero_of_the_village": {
            "amplifier": {
              "min": 0,
              "max": 255
            },
            "duration": {
              "min": 1,
              "max": 99999
            }
          }
        }
      }
    }
  },
  "rewards": {
    "function": "fancy_survival:reward_legendary"
  }
}