{
  "display": {
    "icon": {
      "item": "minecraft:spruce_planks"
    },
    "title": "Complete Set",
    "description": "Have all wooden tools in your inventory!",
    "frame": "goal",
    "show_toast": true,
    "announce_to_chat": true,
    "hidden": false
  },
  "parent": "fancy_survival:prog_wooden_pickaxe",
  "criteria": {
    "requirement": {
      "trigger": "minecraft:inventory_changed",
      "conditions": {
        "items": [
          {
            "item": "minecraft:wooden_sword",
            "count": {
              "min": 1,
              "max": 2
            }
          },
		  {
            "item": "minecraft:wooden_shovel",
            "count": {
              "min": 1,
              "max": 2
            }
          },
		  {
            "item": "minecraft:wooden_pickaxe",
            "count": {
              "min": 1,
              "max": 2
            }
          },
		  {
            "item": "minecraft:wooden_axe",
            "count": {
              "min": 1,
              "max": 2
            }
          },
		  {
            "item": "minecraft:wooden_hoe",
            "count": {
              "min": 1,
              "max": 2
            }
          }
        ]
      }
    }
  },
  "rewards": {
    "function": "fancy_survival:reward_uncommon"
  }
}