{
  "display": {
    "icon": {
      "item": "minecraft:ender_chest"
    },
    "title": "Lucky Block",
    "description": "Open a super loot chest!",
    "frame": "goal",
    "show_toast": true,
    "announce_to_chat": true,
    "hidden": false
  },
  "parent": "fancy_survival:sub_sprint",
  "criteria": {
    "requirement": {
      "trigger": "minecraft:player_generates_container_loot",
      "conditions": {
        "loot_table": "loot_items:reward_super"
      }
    }
  },
  "rewards": {
    "function": "fancy_survival:reward_epic"
  }
}