{
  "display": {
    "icon": {
      "item": "minecraft:honey_block"
    },
    "title": "Ohh Sticky",
    "description": "Have 64 slime_block and 64 honey_block in your inventory!",
    "frame": "goal",
    "show_toast": true,
    "announce_to_chat": true,
    "hidden": false
  },
  "parent": "fancy_survival:sub_chicken",
  "criteria": {
    "requirement": {
      "trigger": "minecraft:inventory_changed",
      "conditions": {
        "items": [
          {
            "item": "minecraft:slime_block",
            "count": {
              "min": 64,
              "max": 100
            }
          },
		  {
            "item": "minecraft:honey_block",
            "count": {
              "min": 64,
              "max": 100
            }
          }
        ]
      }
    }
  },
  "rewards": {
    "function": "fancy_survival:reward_super"
  }
}