{"stats":{"minecraft:used":{"minecraft:oak_fence":57,"minecraft:peony":6,"minecraft:oak_trapdoor":32,"minecraft:petrified_oak_slab":10,"minecraft:jungle_leaves":59,"minecraft:rose_bush":4,"minecraft:iron_bars":1,"minecraft:crimson_fence":2,"minecraft:white_tulip":3,"minecraft:melon":5,"minecraft:ladder":38,"minecraft:smooth_quartz_slab":5,"minecraft:red_concrete":13,"minecraft:armor_stand":1,"minecraft:spruce_slab":9,"minecraft:dispenser":117,"minecraft:redstone":109,"minecraft:poppy":3,"minecraft:diamond_hoe":13,"minecraft:oak_sign":28,"minecraft:white_concrete_powder":8,"minecraft:spruce_planks":12,"minecraft:chest":36,"minecraft:iron_sword":1,"minecraft:brown_shulker_box":10,"minecraft:farmland":5,"minecraft:green_terracotta":771,"minecraft:orange_stained_glass":4,"minecraft:dirt":128,"minecraft:lily_of_the_valley":3,"minecraft:anvil":3,"minecraft:cocoa_beans":3,"minecraft:hopper":44,"minecraft:blue_stained_glass":20,"minecraft:spruce_stairs":27,"minecraft:cobblestone_wall":4,"minecraft:carrot":4,"minecraft:allium":10,"minecraft:orange_wool":81,"minecraft:light_blue_stained_glass":16,"minecraft:cyan_wool":4,"minecraft:spruce_fence":14,"minecraft:azure_bluet":4,"minecraft:snowball":1,"minecraft:polished_diorite":10343,"minecraft:andesite_wall":24,"minecraft:jungle_sapling":7,"minecraft:glass":1080,"minecraft:ravager_spawn_egg":1,"minecraft:lava_bucket":3,"minecraft:netherite_shovel":2,"minecraft:red_tulip":2,"minecraft:villager_spawn_egg":3,"minecraft:blue_orchid":5,"minecraft:red_wool":84,"minecraft:yellow_stained_glass":8,"minecraft:iron_block":1,"minecraft:grass_block":889,"minecraft:oak_stairs":40,"minecraft:birch_sapling":4,"minecraft:slime_block":7,"minecraft:acacia_slab":8,"minecraft:jungle_log":10,"minecraft:green_wool":12,"minecraft:gray_concrete_powder":1,"minecraft:melon_seeds":1,"minecraft:item_frame":755,"minecraft:glowstone":5,"minecraft:repeater":25,"minecraft:redstone_lamp":3,"minecraft:magma_block":43,"minecraft:sweet_berries":10,"minecraft:written_book":46,"minecraft:emerald_block":18,"minecraft:scaffolding":7,"minecraft:wolf_spawn_egg":4,"minecraft:lime_stained_glass":12,"minecraft:oak_sapling":3,"minecraft:podzol":5,"minecraft:egg":323,"minecraft:stone_pressure_plate":2,"minecraft:potato":3,"minecraft:observer":106,"minecraft:pumpkin":1,"minecraft:wheat_seeds":4,"minecraft:water_bucket":55,"minecraft:end_rod":11,"minecraft:pink_tulip":7,"minecraft:cobblestone_stairs":26,"minecraft:spruce_door":5,"minecraft:snow_block":156,"minecraft:birch_leaves":51,"minecraft:red_stained_glass":1,"minecraft:acacia_trapdoor":1,"minecraft:polished_andesite":4534,"minecraft:lime_wool":85,"minecraft:oak_planks":655,"minecraft:blue_wool":75,"minecraft:orange_tulip":6,"minecraft:cactus":10,"minecraft:black_shulker_box":4,"minecraft:redstone_block":289,"minecraft:spruce_sign":1,"minecraft:sheep_spawn_egg":4,"minecraft:sugar_cane":5,"minecraft:cobblestone_slab":12,"minecraft:oak_leaves":995,"minecraft:white_wool":5,"minecraft:sand":52,"minecraft:comparator":14,"minecraft:vine":4,"minecraft:oak_slab":42,"minecraft:light_blue_wool":64,"minecraft:birch_sign":212,"minecraft:yellow_concrete":29,"minecraft:campfire":21,"minecraft:light_gray_concrete_powder":6,"minecraft:lingering_potion":1,"minecraft:painting":2,"minecraft:pumpkin_seeds":1,"minecraft:dark_oak_door":1,"minecraft:oak_log":134,"minecraft:redstone_torch":32,"minecraft:creeper_spawn_egg":32,"minecraft:purple_stained_glass":25,"minecraft:sticky_piston":3,"minecraft:lever":13,"minecraft:cornflower":4,"minecraft:black_concrete":333,"minecraft:acacia_stairs":4,"minecraft:black_wool":7,"minecraft:oxeye_daisy":4,"minecraft:daylight_detector":3,"minecraft:command_block":215,"minecraft:lime_carpet":1,"minecraft:heavy_weighted_pressure_plate":3,"minecraft:barrier":570,"minecraft:oak_button":2,"minecraft:string":28,"minecraft:map":361,"minecraft:lectern":1,"minecraft:spruce_trapdoor":2,"minecraft:gravel":13,"minecraft:lilac":4,"minecraft:yellow_wool":93,"minecraft:jungle_sign":4,"minecraft:fishing_rod":8,"minecraft:diamond_sword":151,"minecraft:cobblestone":30,"minecraft:pufferfish_bucket":1,"minecraft:crimson_door":1,"minecraft:birch_log":4,"minecraft:chain":10,"minecraft:glass_pane":8,"minecraft:white_concrete":268,"minecraft:tropical_fish_bucket":7,"minecraft:dandelion":6,"minecraft:bone_meal":44,"minecraft:purple_wool":32,"minecraft:birch_stairs":2},"minecraft:killed":{"minecraft:slime":4,"minecraft:pufferfish":12,"minecraft:guardian":1,"minecraft:bee":16,"minecraft:chicken":5,"minecraft:silverfish":3,"minecraft:wolf":19,"minecraft:rabbit":4,"minecraft:ravager":2,"minecraft:creeper":22,"minecraft:wither_skeleton":3,"minecraft:villager":2},"minecraft:custom":{"minecraft:mob_kills":93,"minecraft:interact_with_anvil":6,"minecraft:inspect_hopper":70,"minecraft:open_shulker_box":73,"minecraft:leave_game":86,"minecraft:time_since_death":204161,"minecraft:climb_one_cm":17524,"minecraft:sprint_one_cm":42307,"minecraft:walk_one_cm":763938,"minecraft:drop":23,"minecraft:talked_to_villager":21,"minecraft:deaths":27,"minecraft:sneak_time":44950,"minecraft:walk_under_water_one_cm":1870,"minecraft:interact_with_lectern":25,"minecraft:jump":1881,"minecraft:walk_on_water_one_cm":11365,"minecraft:play_one_minute":4063342,"minecraft:time_since_rest":204319,"minecraft:damage_taken":5160,"minecraft:damage_dealt":9270,"minecraft:swim_one_cm":1983,"minecraft:fly_one_cm":3594266,"minecraft:open_chest":28,"minecraft:crouch_one_cm":33867,"minecraft:fall_one_cm":789,"minecraft:inspect_dispenser":241},"minecraft:mined":{"minecraft:sweet_berry_bush":2},"minecraft:dropped":{"minecraft:arrow":1176},"minecraft:killed_by":{"minecraft:wither_skeleton":2,"minecraft:creeper":6,"minecraft:silverfish":2,"minecraft:rabbit":1,"minecraft:guardian":1},"minecraft:picked_up":{"minecraft:arrow":1911}},"DataVersion":2567}