{"stats":{"minecraft:custom":{"minecraft:jump":316,"minecraft:time_since_rest":62797,"minecraft:leave_game":1,"minecraft:open_shulker_box":3,"minecraft:crouch_one_cm":5134,"minecraft:play_one_minute":70229,"minecraft:deaths":1,"minecraft:walk_on_water_one_cm":1555,"minecraft:sprint_one_cm":18165,"minecraft:damage_taken":1060,"minecraft:time_since_death":62770,"minecraft:walk_one_cm":123452,"minecraft:sneak_time":1204,"minecraft:climb_one_cm":1886,"minecraft:fall_one_cm":10576,"minecraft:fly_one_cm":66320}},"DataVersion":2567}