{"type":"entity","pools":[{"rolls":1,"entries":[{"type":"item","weight":10,"quality":1,"name":"minecraft:stray_spawn_egg","functions":[{"function":"set_count","count":1},{"function":"set_nbt","tag":"{Tags:[fancy_it_mob_drop]}"},{"function":"set_name","name":[{"text":"Stray Spawn Egg","color":"dark_purple","bold":true,"italic":true,"underlined":true}]}]},{"type":"item","weight":99,"quality":0,"name":"minecraft:acacia_stairs","functions":[{"function":"set_count","count":0}]}]},{"rolls":1,"bonus_rolls":1,"entries":[{"type":"item","weight":1,"name":"minecraft:bone","functions":[{"function":"set_count","count":{"min":0,"max":3}}]}]},{"rolls":1,"entries":[{"type":"item","weight":20,"name":"minecraft:arrow","functions":[{"function":"set_count","count":{"min":0,"max":3}}]},{"type":"item","weight":2,"name":"minecraft:tipped_arrow","functions":[{"function":"set_count","count":{"min":0,"max":1}},{"function":"set_nbt","tag":"{CustomPotionEffects:[{Id:2b,Amplifier:4b,Duration:200},{Id:7b,Amplifier:2b,Duration:200}],CustomPotionColor:6029312}"},{"function":"set_name","name":[{"text":"Sniper Arrow","color":"#5C0000","bold":true,"italic":true,"underlined":true}]}]},{"type":"item","weight":2,"name":"minecraft:tipped_arrow","functions":[{"function":"set_count","count":{"min":0,"max":2}},{"function":"set_nbt","tag":"{CustomPotionEffects:[{Id:4b,Amplifier:4b,Duration:200},{Id:20b,Amplifier:5b,Duration:200},{Id:25b,Amplifier:0b,Duration:200},{Id:27b,Amplifier:3b,Duration:200}],CustomPotionColor:13845247}"},{"function":"set_name","name":[{"text":"Magical Arrow","color":"#D342FF","bold":true,"italic":true,"underlined":true}]}]},{"type":"item","weight":1,"name":"minecraft:player_head","functions":[{"function":"set_count","count":1},{"function":"set_nbt","tag":"{SkullOwner:{Id:[I;937911135,-1987361151,-1429170569,-1893667768],Properties:{textures:[{Value:\"eyJ0ZXh0dXJlcyI6eyJTS0lOIjp7InVybCI6Imh0dHA6Ly90ZXh0dXJlcy5taW5lY3JhZnQubmV0L3RleHR1cmUvNWI0NWFhZTI0MTc3OWYwNjE3ZmZhZmY0NjhmM2YyY2Y2NjZkMmY4YTgwMzAwMmY5YWUxYmEwZjE0ZWQ3OWZkZCJ9fX0=\"}]}}}"},{"function":"set_name","name":[{"text":"Stray Egg","color":"dark_aqua","bold":true,"italic":true,"underlined":true}]}]},{"type":"item","weight":1,"name":"minecraft:player_head","functions":[{"function":"set_count","count":1},{"function":"set_nbt","tag":"{SkullOwner:{Id:[I;243009175,-1759360314,-1164318166,1841540360],Properties:{textures:[{Value:\"eyJ0ZXh0dXJlcyI6eyJTS0lOIjp7InVybCI6Imh0dHA6Ly90ZXh0dXJlcy5taW5lY3JhZnQubmV0L3RleHR1cmUvMjg2OTg1YmJhNWYzYWY2OTQ0NDJlNDY1NjQ0ZTIxNWE0ZWZiZmJjZTQ3MDdmODhjMjY4MTIwYzQyNzIwY2RhNiJ9fX0=\"}]}}}"},{"function":"set_name","name":[{"text":"Stray Head","color":"dark_aqua","bold":true,"italic":true,"underlined":true}]}]},{"type":"item","weight":1,"name":"minecraft:player_head","functions":[{"function":"set_count","count":1},{"function":"set_nbt","tag":"{SkullOwner:{Id:[I;1682742189,-1786035250,-1657857635,-2051121028],Properties:{textures:[{Value:\"eyJ0ZXh0dXJlcyI6eyJTS0lOIjp7InVybCI6Imh0dHA6Ly90ZXh0dXJlcy5taW5lY3JhZnQubmV0L3RleHR1cmUvNzhkZGY3NmU1NTVkZDVjNGFhOGEwYTVmYzU4NDUyMGNkNjNkNDg5YzI1M2RlOTY5ZjdmMjJmODVhOWEyZDU2In19fQ==\"}]}}}"},{"function":"set_name","name":[{"text":"Stray Head","color":"dark_aqua","bold":true,"italic":true,"underlined":true}]}]}]}]}