{"type":"entity","pools":[{"rolls":1,"entries":[{"type":"item","weight":10,"quality":1,"name":"minecraft:polar_bear_spawn_egg","functions":[{"function":"set_count","count":1},{"function":"set_nbt","tag":"{Tags:[fancy_it_mob_drop]}"},{"function":"set_name","name":[{"text":"Polar_Bear Spawn Egg","color":"dark_purple","bold":true,"italic":true,"underlined":true}]}]},{"type":"item","weight":99,"quality":0,"name":"minecraft:acacia_stairs","functions":[{"function":"set_count","count":0}]}]},{"rolls":1,"bonus_rolls":1,"entries":[{"type":"item","weight":3,"name":"minecraft:cod","functions":[{"function":"set_count","count":{"min":0,"max":3}}]},{"type":"item","weight":1,"name":"minecraft:tropical_fish","functions":[{"function":"set_count","count":{"min":0,"max":1}}]},{"type":"item","weight":2,"name":"minecraft:salmon","functions":[{"function":"set_count","count":{"min":0,"max":2}}]}]},{"rolls":1,"entries":[{"type":"item","weight":10,"name":"minecraft:snowball","functions":[{"function":"set_count","count":{"min":0,"max":2}}]},{"type":"item","weight":2,"name":"minecraft:packed_ice","functions":[{"function":"set_count","count":{"min":0,"max":1}}]},{"type":"item","weight":1,"name":"minecraft:player_head","functions":[{"function":"set_count","count":1},{"function":"set_nbt","tag":"{SkullOwner:{Id:[I;1070247943,413812528,-1305975695,759230725],Properties:{textures:[{Value:\"eyJ0ZXh0dXJlcyI6eyJTS0lOIjp7InVybCI6Imh0dHA6Ly90ZXh0dXJlcy5taW5lY3JhZnQubmV0L3RleHR1cmUvYzRmZTkyNjkyMmZiYjQwNmYzNDNiMzRhMTBiYjk4OTkyY2VlNDQxMDEzN2QzZjg4MDk5NDI3YjIyZGUzYWI5MCJ9fX0=\"}]}}}"},{"function":"set_name","name":[{"text":"Polar bear Head","color":"dark_aqua","bold":true,"italic":true,"underlined":true}]}]},{"type":"item","weight":5,"name":"minecraft:acacia_stairs","functions":[{"function":"set_count","count":0}]}]}]}