{"type":"entity","pools":[{"rolls":1,"entries":[{"type":"item","weight":10,"quality":1,"name":"minecraft:zombified_piglin_spawn_egg","functions":[{"function":"set_count","count":1},{"function":"set_nbt","tag":"{Tags:[fancy_it_mob_drop],EntityTag:{CanBreakDoors:1b}}"},{"function":"set_name","name":[{"text":"Zombified_Piglin Spawn Egg","color":"dark_purple","bold":true,"italic":true,"underlined":true}]}]},{"type":"item","weight":99,"quality":0,"name":"minecraft:acacia_stairs","functions":[{"function":"set_count","count":0}]}]},{"rolls":1,"bonus_rolls":1,"entries":[{"type":"item","weight":1,"name":"minecraft:rotten_flesh","functions":[{"function":"set_count","count":{"min":0,"max":2}}]}]},{"rolls":1,"entries":[{"type":"item","weight":5,"name":"minecraft:gold_ingot","functions":[{"function":"set_count","count":{"min":0,"max":1}}]},{"type":"item","weight":10,"name":"minecraft:gold_nugget","functions":[{"function":"set_count","count":{"min":0,"max":4}}]},{"type":"item","weight":4,"name":"minecraft:golden_carrot","functions":[{"function":"set_count","count":{"min":0,"max":1}}]},{"type":"item","weight":1,"name":"minecraft:player_head","functions":[{"function":"set_count","count":1},{"function":"set_nbt","tag":"{SkullOwner:{Id:[I;-954830229,171132900,-1351346687,-537364629],Properties:{textures:[{Value:\"eyJ0ZXh0dXJlcyI6eyJTS0lOIjp7InVybCI6Imh0dHA6Ly90ZXh0dXJlcy5taW5lY3JhZnQubmV0L3RleHR1cmUvNWY3ZGU5ZmFmYThmY2I3N2Q1OTQ0ZTYyOGI3MjA0MmI5Zjc5ODhkZTQzZTQyMjk4M2M3OGQzNzYyZDZkNyJ9fX0=\"}]}}}"},{"function":"set_name","name":[{"text":"Zomified Piglin Egg","color":"dark_aqua","bold":true,"italic":true,"underlined":true}]}]},{"type":"item","weight":1,"name":"minecraft:player_head","functions":[{"function":"set_count","count":1},{"function":"set_nbt","tag":"{SkullOwner:{Id:[I;1325481211,-2064102016,-2060901102,2137813230],Properties:{textures:[{Value:\"eyJ0ZXh0dXJlcyI6eyJTS0lOIjp7InVybCI6Imh0dHA6Ly90ZXh0dXJlcy5taW5lY3JhZnQubmV0L3RleHR1cmUvN2VhYmFlY2M1ZmFlNWE4YTQ5Yzg4NjNmZjQ4MzFhYWEyODQxOThmMWEyMzk4ODkwYzc2NWUwYThkZTE4ZGE4YyJ9fX0=\"}]}}}"},{"function":"set_name","name":[{"text":"Zomified Piglin Head","color":"dark_aqua","bold":true,"italic":true,"underlined":true}]}]},{"type":"item","weight":1,"name":"minecraft:player_head","functions":[{"function":"set_count","count":1},{"function":"set_nbt","tag":"{SkullOwner:{Id:[I;1809552448,-732674286,-1142923322,-690238664],Properties:{textures:[{Value:\"eyJ0ZXh0dXJlcyI6eyJTS0lOIjp7InVybCI6Imh0dHA6Ly90ZXh0dXJlcy5taW5lY3JhZnQubmV0L3RleHR1cmUvN2ZlODBkMmM1ZWIzMzZlMDdhZTZmM2JkMjE4YTU4NGM3NWFkZGIyMTU4YjZkZDdhNjY3MWNlNDJhNjhkMjllNSJ9fX0=\"}]}}}"},{"function":"set_name","name":[{"text":"Zomified Piglin Pumpkin Head","color":"dark_aqua","bold":true,"italic":true,"underlined":true}]}]}]}]}