{"type":"entity","pools":[{"rolls":1,"entries":[{"type":"item","weight":10,"quality":1,"name":"minecraft:evoker_spawn_egg","functions":[{"function":"set_count","count":1},{"function":"set_nbt","tag":"{Tags:[fancy_it_mob_drop]}"},{"function":"set_name","name":[{"text":"Evoker Spawn Egg","color":"dark_purple","bold":true,"italic":true,"underlined":true}]}]},{"type":"item","weight":99,"quality":0,"name":"minecraft:acacia_stairs","functions":[{"function":"set_count","count":0}]}]},{"rolls":1,"entries":[{"type":"item","weight":1,"name":"minecraft:emerald","functions":[{"function":"set_count","count":{"min":0,"max":2}}]},{"type":"item","weight":1,"name":"minecraft:experience_bottle","functions":[{"function":"set_count","count":{"min":0,"max":2}}]}]},{"rolls":1,"entries":[{"type":"item","weight":3,"name":"minecraft:player_head","functions":[{"function":"set_count","count":1},{"function":"set_nbt","tag":"{SkullOwner:{Id:[I;-17612447,-1953806226,-1654419791,-89666527],Properties:{textures:[{Value:\"eyJ0ZXh0dXJlcyI6eyJTS0lOIjp7InVybCI6Imh0dHA6Ly90ZXh0dXJlcy5taW5lY3JhZnQubmV0L3RleHR1cmUvZDk1NDEzNWRjODIyMTM5NzhkYjQ3ODc3OGFlMTIxMzU5MWI5M2QyMjhkMzZkZDU0ZjFlYTFkYTQ4ZTdjYmE2In19fQ==\"}]}}}"},{"function":"set_name","name":[{"text":"Evoker Head","color":"dark_aqua","bold":true,"italic":true,"underlined":true}]}]},{"type":"item","weight":5,"name":"minecraft:totem_of_undying","functions":[{"function":"set_count","count":1}]},{"type":"item","weight":2,"name":"minecraft:enchanted_golden_apple","functions":[{"function":"set_count","count":1}]},{"type":"item","weight":60,"name":"minecraft:blackstone","functions":[{"function":"set_count","count":0}]}]}]}