{"type":"entity","pools":[{"rolls":1,"entries":[{"type":"item","weight":10,"quality":1,"name":"minecraft:drowned_spawn_egg","functions":[{"function":"set_count","count":1},{"function":"set_nbt","tag":"{Tags:[fancy_it_mob_drop],EntityTag:{CanBreakDoors:1b}}"},{"function":"set_name","name":[{"text":"Drowned Spawn Egg","color":"dark_purple","bold":true,"italic":true,"underlined":true}]}]},{"type":"item","weight":99,"quality":0,"name":"minecraft:acacia_stairs","functions":[{"function":"set_count","count":0}]}]},{"rolls":1,"entries":[{"type":"item","weight":10,"name":"minecraft:rotten_flesh","functions":[{"function":"set_count","count":{"min":0,"max":3}}]},{"type":"item","weight":1,"name":"minecraft:gravel","functions":[{"function":"set_count","count":{"min":0,"max":3}}]}]},{"rolls":1,"entries":[{"type":"item","weight":3,"name":"minecraft:player_head","functions":[{"function":"set_count","count":1},{"function":"set_nbt","tag":"{SkullOwner:{Id:[I;-1943150917,724453901,-1528537058,1492972198],Properties:{textures:[{Value:\"eyJ0ZXh0dXJlcyI6eyJTS0lOIjp7InVybCI6Imh0dHA6Ly90ZXh0dXJlcy5taW5lY3JhZnQubmV0L3RleHR1cmUvYzg0ZGY3OWM0OTEwNGIxOThjZGFkNmQ5OWZkMGQwYmNmMTUzMWM5MmQ0YWI2MjY5ZTQwYjdkM2NiYmI4ZTk4YyJ9fX0=\"}]}}}"},{"function":"set_name","name":[{"text":"Drowned Head","color":"dark_aqua","bold":true,"italic":true,"underlined":true}]}]},{"type":"item","weight":3,"name":"minecraft:trident","functions":[{"function":"set_count","count":1},{"function":"set_damage","damage":{"min":0,"max":248}}]},{"type":"item","weight":5,"name":"minecraft:nautilus_shell","functions":[{"function":"set_count","count":1}]},{"type":"item","weight":50,"name":"minecraft:blackstone","functions":[{"function":"set_count","count":0}]}]}]}