{"type":"entity","pools":[{"rolls":1,"entries":[{"type":"item","weight":10,"quality":1,"name":"minecraft:shulker_spawn_egg","functions":[{"function":"set_count","count":1},{"function":"set_nbt","tag":"{Tags:[fancy_it_mob_drop],EntityTag:{Peek:5b,AttachFace:0b,Color:9b}}"},{"function":"set_name","name":[{"text":"Shulker Spawn Egg","color":"dark_purple","bold":true,"italic":true,"underlined":true}]}]},{"type":"item","weight":99,"quality":0,"name":"minecraft:acacia_stairs","functions":[{"function":"set_count","count":0}]}]},{"rolls":1,"bonus_rolls":1,"entries":[{"type":"item","weight":5,"name":"minecraft:shulker_shell","functions":[{"function":"set_count","count":{"min":0,"max":1}}]},{"type":"item","weight":1,"name":"minecraft:shulker_box","functions":[{"function":"set_count","count":{"min":0,"max":1}},{"function":"set_nbt","tag":"{BlockEntityTag:{LootTable:\"loot_items:random_trade\"}}"}]}]},{"rolls":1,"entries":[{"type":"item","weight":2,"name":"minecraft:lingering_potion","functions":[{"function":"set_count","count":{"min":0,"max":1}},{"function":"set_nbt","tag":"{CustomPotionEffects:[{Id:25b,Amplifier:100b,Duration:15}],CustomPotionColor:15531919}"},{"function":"set_name","name":[{"text":"Potion Of Sky","color":"#FFF6C9","bold":true,"italic":true,"underlined":true}]}]},{"type":"item","weight":20,"name":"minecraft:acacia_stairs","functions":[{"function":"set_count","count":0}]},{"type":"item","weight":1,"name":"minecraft:player_head","functions":[{"function":"set_count","count":1},{"function":"set_nbt","tag":"{SkullOwner:{Id:[I;-1778823362,-434352489,-1592043985,1155190429],Properties:{textures:[{Value:\"eyJ0ZXh0dXJlcyI6eyJTS0lOIjp7InVybCI6Imh0dHA6Ly90ZXh0dXJlcy5taW5lY3JhZnQubmV0L3RleHR1cmUvNTM3YTI5NGY2YjdiNGJhNDM3ZTVjYjM1ZmIyMGY0Njc5MmU3YWMwYTQ5MGE2NjEzMmE1NTcxMjRlYzVmOTk3YSJ9fX0=\"}]}}}"},{"function":"set_name","name":[{"text":"Shulker Head","color":"dark_aqua","bold":true,"italic":true,"underlined":true}]}]},{"type":"item","weight":1,"name":"minecraft:player_head","functions":[{"function":"set_count","count":1},{"function":"set_nbt","tag":"{SkullOwner:{Id:[I;-1752214274,753814970,-1463896858,-1931978021],Properties:{textures:[{Value:\"eyJ0ZXh0dXJlcyI6eyJTS0lOIjp7InVybCI6Imh0dHA6Ly90ZXh0dXJlcy5taW5lY3JhZnQubmV0L3RleHR1cmUvMjVjNGQyNGFmZmRkNDgxMDI2MjAzNjE1MjdkMjE1NmUxOGMyMjNiYWU1MTg5YWM0Mzk4MTU2NDNmM2NmZjlkIn19fQ==\"}]}}}"},{"function":"set_name","name":[{"text":"Shulker Box","color":"dark_aqua","bold":true,"italic":true,"underlined":true}]}]},{"type":"item","weight":1,"name":"minecraft:player_head","functions":[{"function":"set_count","count":1},{"function":"set_nbt","tag":"{SkullOwner:{Id:[I;-138768855,1686716863,-1128780064,692064832],Properties:{textures:[{Value:\"eyJ0ZXh0dXJlcyI6eyJTS0lOIjp7InVybCI6Imh0dHA6Ly90ZXh0dXJlcy5taW5lY3JhZnQubmV0L3RleHR1cmUvZDA0MjUyMjE2MjMxYjNmNzQ0YzlmZjRhY2U3MDg0YWU5ZjQxNjRmOGIzODRjNjU0MTA4NDhhMTk2MTdhZjRkIn19fQ==\"}]}}}"},{"function":"set_name","name":[{"text":"Shulker Egg","color":"dark_aqua","bold":true,"italic":true,"underlined":true}]}]}]}]}