{"type":"entity","pools":[{"rolls":1,"entries":[{"type":"item","weight":10,"quality":1,"name":"minecraft:creeper_spawn_egg","functions":[{"function":"set_count","count":1},{"function":"set_nbt","tag":"{Tags:[fancy_it_mob_drop]}"},{"function":"set_name","name":[{"text":"Creeper Spawn Egg","color":"dark_purple","bold":true,"italic":true,"underlined":true}]}]},{"type":"item","weight":99,"quality":0,"name":"minecraft:acacia_stairs","functions":[{"function":"set_count","count":0}]}]},{"rolls":1,"bonus_rolls":1,"entries":[{"type":"item","weight":9,"name":"minecraft:gunpowder","functions":[{"function":"set_count","count":{"min":0,"max":3}}]},{"type":"item","weight":1,"name":"minecraft:tnt","functions":[{"function":"set_count","count":{"min":0,"max":1}}]}]},{"rolls":1,"entries":[{"type":"item","weight":6,"name":"minecraft:player_head","functions":[{"function":"set_count","count":1},{"function":"set_nbt","tag":"{SkullOwner:{Id:[I;-288171773,-902673209,-1287927237,-605975132],Properties:{textures:[{Value:\"eyJ0ZXh0dXJlcyI6eyJTS0lOIjp7InVybCI6Imh0dHA6Ly90ZXh0dXJlcy5taW5lY3JhZnQubmV0L3RleHR1cmUvZjQyNTQ4MzhjMzNlYTIyN2ZmY2EyMjNkZGRhYWJmZTBiMDIxNWY3MGRhNjQ5ZTk0NDQ3N2Y0NDM3MGNhNjk1MiJ9fX0=\"}]}}}"},{"function":"set_name","name":[{"text":"Creeper Head","color":"dark_aqua","bold":true,"italic":true,"underlined":true}]}]},{"type":"item","weight":1,"name":"minecraft:music_disc_11","functions":[{"function":"set_count","count":{"min":0,"max":1}}]},{"type":"item","weight":1,"name":"minecraft:music_disc_13","functions":[{"function":"set_count","count":1}]},{"type":"item","weight":1,"name":"minecraft:music_disc_blocks","functions":[{"function":"set_count","count":1}]},{"type":"item","weight":1,"name":"minecraft:music_disc_cat","functions":[{"function":"set_count","count":1}]},{"type":"item","weight":1,"name":"minecraft:music_disc_chirp","functions":[{"function":"set_count","count":1}]},{"type":"item","weight":1,"name":"minecraft:music_disc_far","functions":[{"function":"set_count","count":1}]},{"type":"item","weight":1,"name":"minecraft:music_disc_mall","functions":[{"function":"set_count","count":1}]},{"type":"item","weight":1,"name":"minecraft:music_disc_mellohi","functions":[{"function":"set_count","count":1}]},{"type":"item","weight":1,"name":"minecraft:music_disc_stal","functions":[{"function":"set_count","count":1}]},{"type":"item","weight":1,"name":"minecraft:music_disc_strad","functions":[{"function":"set_count","count":1}]},{"type":"item","weight":1,"name":"minecraft:music_disc_wait","functions":[{"function":"set_count","count":1}]},{"type":"item","weight":1,"name":"minecraft:music_disc_ward","functions":[{"function":"set_count","count":1}]},{"type":"item","weight":200,"name":"minecraft:blackstone","functions":[{"function":"set_count","count":0}]}]}]}