{"type":"entity","pools":[{"rolls":1,"entries":[{"type":"item","weight":10,"quality":1,"name":"minecraft:husk_spawn_egg","functions":[{"function":"set_count","count":1},{"function":"set_nbt","tag":"{Tags:[fancy_it_mob_drop],EntityTag:{CanBreakDoors:1b}}"},{"function":"set_name","name":[{"text":"Husk Spawn Egg","color":"dark_purple","bold":true,"italic":true,"underlined":true}]}]},{"type":"item","weight":99,"quality":0,"name":"minecraft:acacia_stairs","functions":[{"function":"set_count","count":0}]}]},{"rolls":1,"bonus_rolls":1,"entries":[{"type":"item","weight":5,"name":"minecraft:rotten_flesh","functions":[{"function":"set_count","count":{"min":0,"max":3}}]},{"type":"item","weight":1,"name":"minecraft:sand","functions":[{"function":"set_count","count":{"min":1,"max":3}}]}]},{"rolls":1,"entries":[{"type":"item","weight":3,"name":"minecraft:player_head","functions":[{"function":"set_count","count":1},{"function":"set_nbt","tag":"{SkullOwner:{Id:[I;-932299390,1272597976,-2095095429,135301511],Properties:{textures:[{Value:\"eyJ0ZXh0dXJlcyI6eyJTS0lOIjp7InVybCI6Imh0dHA6Ly90ZXh0dXJlcy5taW5lY3JhZnQubmV0L3RleHR1cmUvODVjMDk2MTJmMGYyNjVhMWRiMmQ2MmU4MDM1YWI5Y2ZhNWYxYjk0OTAyNGQ5MDQ5NGRlOWNhMDJkNTlmM2YxNSJ9fX0=\"}]}}}"},{"function":"set_name","name":[{"text":"Husk Head","color":"dark_aqua","bold":true,"italic":true,"underlined":true}]}]},{"type":"item","weight":2,"name":"minecraft:gold_nugget","functions":[{"function":"set_count","count":{"min":0,"max":4}}]},{"type":"item","weight":2,"name":"minecraft:dead_bush","functions":[{"function":"set_count","count":{"min":0,"max":3}}]},{"type":"item","weight":2,"name":"minecraft:suspicious_stew","functions":[{"function":"set_count","count":{"min":0,"max":1}},{"function":"set_nbt","tag":"{Effects:[{EffectId:2b,EffectDuration:200},{EffectId:9b,EffectDuration:200},{EffectId:12b,EffectDuration:200},{EffectId:17b,EffectDuration:200},{EffectId:18b,EffectDuration:200}]}"}]},{"type":"item","weight":70,"name":"minecraft:acacia_stairs","functions":[{"function":"set_count","count":0}]}]},{"rolls":1,"entries":[{"type":"item","weight":1,"name":"minecraft:iron_ingot","functions":[{"function":"set_count","count":1}]},{"type":"item","weight":1,"name":"minecraft:potato","functions":[{"function":"set_count","count":1}]},{"type":"item","weight":1,"name":"minecraft:carrot","functions":[{"function":"set_count","count":1}]},{"type":"item","weight":100,"name":"minecraft:acacia_stairs","functions":[{"function":"set_count","count":0}]}]}]}