{"type":"entity","pools":[{"rolls":1,"entries":[{"type":"item","weight":10,"quality":1,"name":"minecraft:vindicator_spawn_egg","functions":[{"function":"set_count","count":1},{"function":"set_nbt","tag":"{Tags:[fancy_it_mob_drop]}"},{"function":"set_name","name":[{"text":"Vindicator Spawn Egg","color":"dark_purple","bold":true,"italic":true,"underlined":true}]}]},{"type":"item","weight":99,"quality":0,"name":"minecraft:acacia_stairs","functions":[{"function":"set_count","count":0}]}]},{"rolls":1,"entries":[{"type":"item","weight":1,"name":"minecraft:emerald","functions":[{"function":"set_count","count":{"min":0,"max":1}}]}]},{"rolls":1,"entries":[{"type":"item","weight":11,"name":"minecraft:iron_nugget","functions":[{"function":"set_count","count":{"min":0,"max":4}}]},{"type":"item","weight":1,"name":"minecraft:player_head","functions":[{"function":"set_count","count":1},{"function":"set_nbt","tag":"{SkullOwner:{Id:[I;1053432760,-1750514720,-2123590235,-47542450],Properties:{textures:[{Value:\"eyJ0ZXh0dXJlcyI6eyJTS0lOIjp7InVybCI6Imh0dHA6Ly90ZXh0dXJlcy5taW5lY3JhZnQubmV0L3RleHR1cmUvNGY2ZmI4OWQxYzYzMWJkN2U3OWZlMTg1YmExYTY3MDU0MjVmNWMzMWE1ZmY2MjY1MjFlMzk1ZDRhNmY3ZTIifX19\"}]}}}"},{"function":"set_name","name":[{"text":"Vindicator Head","color":"dark_aqua","bold":true,"italic":true,"underlined":true}]}]},{"type":"item","weight":1,"name":"minecraft:player_head","functions":[{"function":"set_count","count":1},{"function":"set_nbt","tag":"{SkullOwner:{Id:[I;-663445801,-1639825074,-1887887741,-333293908],Properties:{textures:[{Value:\"eyJ0ZXh0dXJlcyI6eyJTS0lOIjp7InVybCI6Imh0dHA6Ly90ZXh0dXJlcy5taW5lY3JhZnQubmV0L3RleHR1cmUvYzAyMmIxNjUxMmVmNmY2YjcyZGNmOTZjM2FjZGU2M2EwMzI3NmU0NjliZjMxYzhjZjg4MTYzZGY3NjZlOTE4MyJ9fX0=\"}]}}}"},{"function":"set_name","name":[{"text":"Vindicator Head","color":"dark_aqua","bold":true,"italic":true,"underlined":true}]}]},{"type":"item","weight":1,"name":"minecraft:player_head","functions":[{"function":"set_count","count":1},{"function":"set_nbt","tag":"{SkullOwner:{Id:[I;1601492963,-907263257,-1206748153,-1841884572],Properties:{textures:[{Value:\"eyJ0ZXh0dXJlcyI6eyJTS0lOIjp7InVybCI6Imh0dHA6Ly90ZXh0dXJlcy5taW5lY3JhZnQubmV0L3RleHR1cmUvZmQ0MDNjZjhkZDRhOGEwNGIwNGI3OTNkYThmOWVkYWU5MWMyNzJmMmRjNGQxYzNmNjI2MTM3Zjk4NDFlYWVhNiJ9fX0=\"}]}}}"},{"function":"set_name","name":[{"text":"Vindicator Head","color":"dark_aqua","bold":true,"italic":true,"underlined":true}]}]},{"type":"item","weight":1,"name":"minecraft:player_head","functions":[{"function":"set_count","count":1},{"function":"set_nbt","tag":"{SkullOwner:{Id:[I;-2136540710,396774738,-2116653700,1328373558],Properties:{textures:[{Value:\"eyJ0ZXh0dXJlcyI6eyJTS0lOIjp7InVybCI6Imh0dHA6Ly90ZXh0dXJlcy5taW5lY3JhZnQubmV0L3RleHR1cmUvOGU4ZTNkZTc3MThhNTQ1NTNkZDJmYzViMjQxNWEwOGIwNWYyMzM5Yjc3MmZlMTgxYjY1YzUwN2ZkYTRlMzRjMSJ9fX0=\"}]}}}"},{"function":"set_name","name":[{"text":"Vindicator Egg","color":"dark_aqua","bold":true,"italic":true,"underlined":true}]}]},{"type":"item","weight":10,"name":"minecraft:acacia_stairs","functions":[{"function":"set_count","count":0}]}]}]}