{"type":"entity","pools":[{"rolls":1,"entries":[{"type":"item","weight":10,"quality":1,"name":"minecraft:enderman_spawn_egg","functions":[{"function":"set_count","count":1},{"function":"set_nbt","tag":"{Tags:[fancy_it_mob_drop],BlockEntityTag:{SpawnCount:4,SpawnRange:4,Delay:200,MinSpawnDelay:100,MaxSpawnDelay:300,MaxNearbyEntities:10,RequiredPlayerRange:10,SpawnData:{id:\"minecraft:enderman\",CanBreakDoors:1b,Motion:[0.0,0.3,0.0],Tags:[\"fancy_it_no_spawner\"]},SpawnPotentials:[{Weight:1,Entity:{id:\"minecraft:enderman\",CanBreakDoors:1b,Motion:[0.0,0.3,0.0],Tags:[\"fancy_it_no_spawner\"]}}]}}"},{"function":"set_name","name":[{"text":"Enderman Spawn Egg","color":"dark_purple","bold":true,"italic":true,"underlined":true}]}]},{"type":"item","weight":99,"quality":0,"name":"minecraft:acacia_stairs","functions":[{"function":"set_count","count":0}]}]}]}