{"type":"entity","pools":[{"rolls":1,"entries":[{"type":"item","weight":10,"quality":1,"name":"minecraft:slime_spawn_egg","functions":[{"function":"set_count","count":1},{"function":"set_nbt","tag":"{Tags:[fancy_it_mob_drop],EntityTag:{Size:4}}"},{"function":"set_name","name":[{"text":"Slime Spawn Egg","color":"dark_purple","bold":true,"italic":true,"underlined":true}]}]},{"type":"item","weight":99,"quality":0,"name":"minecraft:acacia_stairs","functions":[{"function":"set_count","count":0}]}]},{"rolls":1,"bonus_rolls":1,"entries":[{"type":"item","weight":1,"name":"minecraft:slime_ball","functions":[{"function":"set_count","count":{"min":0,"max":3}}]}]},{"rolls":1,"entries":[{"type":"item","weight":5,"name":"minecraft:slime_block","functions":[{"function":"set_count","count":{"min":0,"max":1}}]},{"type":"item","weight":20,"name":"minecraft:acacia_stairs","functions":[{"function":"set_count","count":0}]},{"type":"item","weight":1,"name":"minecraft:player_head","functions":[{"function":"set_count","count":1},{"function":"set_nbt","tag":"{SkullOwner:{Id:[I;-2094978945,1481330305,-2101253845,-849097528],Properties:{textures:[{Value:\"eyJ0ZXh0dXJlcyI6eyJTS0lOIjp7InVybCI6Imh0dHA6Ly90ZXh0dXJlcy5taW5lY3JhZnQubmV0L3RleHR1cmUvYTIwZTg0ZDMyZDFlOWM5MTlkM2ZkYmI1M2YyYjM3YmEyNzRjMTIxYzU3YjI4MTBlNWE0NzJmNDBkYWNmMDA0ZiJ9fX0=\"}]}}}"},{"function":"set_name","name":[{"text":"Slime Head","color":"dark_aqua","bold":true,"italic":true,"underlined":true}]}]},{"type":"item","weight":1,"name":"minecraft:player_head","functions":[{"function":"set_count","count":1},{"function":"set_nbt","tag":"{SkullOwner:{Id:[I;-651072585,1968914753,-1530280299,-1919924234],Properties:{textures:[{Value:\"eyJ0ZXh0dXJlcyI6eyJTS0lOIjp7InVybCI6Imh0dHA6Ly90ZXh0dXJlcy5taW5lY3JhZnQubmV0L3RleHR1cmUvNDkzNGE5ZjVhYjE3ODlhN2Q4ZGQ5NmQzMjQ5M2NkYWNmZjU3N2Q4YzgxZTdiMjM5MTdkZmYyZTMyYmQwYmMxMCJ9fX0=\"}]}}}"},{"function":"set_name","name":[{"text":"Slime Ball","color":"dark_aqua","bold":true,"italic":true,"underlined":true}]}]},{"type":"item","weight":1,"name":"minecraft:player_head","functions":[{"function":"set_count","count":1},{"function":"set_nbt","tag":"{SkullOwner:{Id:[I;-1241243879,1548437535,-1326041937,-859282835],Properties:{textures:[{Value:\"eyJ0ZXh0dXJlcyI6eyJTS0lOIjp7InVybCI6Imh0dHA6Ly90ZXh0dXJlcy5taW5lY3JhZnQubmV0L3RleHR1cmUvOTMzMGFmMTdmODUxMmVkM2I0OWU3OGJjYTdlZjJkODNmMmRjMWU1OThhOGNiNTQyZWNjM2I2YmVjZWU5ZjU3In19fQ==\"}]}}}"},{"function":"set_name","name":[{"text":"Slime Egg","color":"dark_aqua","bold":true,"italic":true,"underlined":true}]}]}]}]}