{"type":"entity","pools":[{"rolls":1,"entries":[{"type":"item","weight":10,"quality":1,"name":"minecraft:blaze_spawn_egg","functions":[{"function":"set_count","count":1},{"function":"set_nbt","tag":"{Tags:[fancy_it_mob_drop]}"},{"function":"set_name","name":[{"text":"Blaze Spawn Egg","color":"dark_purple","bold":true,"italic":true,"underlined":true}]}]},{"type":"item","weight":99,"quality":0,"name":"minecraft:acacia_stairs","functions":[{"function":"set_count","count":0}]}]},{"rolls":1,"bonus_rolls":1,"entries":[{"type":"item","weight":4,"name":"minecraft:blaze_rod","functions":[{"function":"set_count","count":{"min":0,"max":2}}]},{"type":"item","weight":1,"name":"minecraft:fire_charge","functions":[{"function":"set_count","count":{"min":0,"max":2}}]}]},{"rolls":1,"entries":[{"type":"item","weight":1,"name":"minecraft:player_head","functions":[{"function":"set_count","count":1},{"function":"set_nbt","tag":"{SkullOwner:{Id:[I;2095810738,2136949657,-1413910424,622570141],Properties:{textures:[{Value:\"eyJ0ZXh0dXJlcyI6eyJTS0lOIjp7InVybCI6Imh0dHA6Ly90ZXh0dXJlcy5taW5lY3JhZnQubmV0L3RleHR1cmUvYjc4ZWYyZTRjZjJjNDFhMmQxNGJmZGU5Y2FmZjEwMjE5ZjViMWJmNWIzNWE0OWViNTFjNjQ2Nzg4MmNiNWYwIn19fQ==\"}]}}}"},{"function":"set_name","name":[{"text":"Blaze Head","color":"dark_aqua","bold":true,"italic":true,"underlined":true}]}]},{"type":"item","weight":40,"name":"minecraft:blackstone","functions":[{"function":"set_count","count":0}]}]}]}