{"type":"entity","pools":[{"rolls":1,"entries":[{"type":"item","weight":10,"quality":1,"name":"minecraft:pufferfish_spawn_egg","functions":[{"function":"set_count","count":1},{"function":"set_nbt","tag":"{Tags:[fancy_it_mob_drop],EntityTag:{PuffState:2}}"},{"function":"set_name","name":[{"text":"Pufferfish Spawn Egg","color":"dark_purple","bold":true,"italic":true,"underlined":true}]}]},{"type":"item","weight":99,"quality":0,"name":"minecraft:acacia_stairs","functions":[{"function":"set_count","count":0}]}]},{"rolls":1,"entries":[{"type":"item","weight":1,"name":"minecraft:pufferfish","functions":[{"function":"set_count","count":1}]}]},{"rolls":1,"entries":[{"type":"item","weight":1,"name":"minecraft:player_head","functions":[{"function":"set_count","count":1},{"function":"set_nbt","tag":"{SkullOwner:{Id:[I;179050314,-1693233975,-1733827507,-258087747],Properties:{textures:[{Value:\"eyJ0ZXh0dXJlcyI6eyJTS0lOIjp7InVybCI6Imh0dHA6Ly90ZXh0dXJlcy5taW5lY3JhZnQubmV0L3RleHR1cmUvNWEzMTZkNTg1Yjc4OWI1ODJmMmQ5OWU4ZTZjYjJkNzA0MzNlODk5NmZhYjAyNGE3NGJjNzkwZTIyYWVkY2RlYiJ9fX0=\"}]}}}"},{"function":"set_name","name":[{"text":"Pufferfish Bottle","color":"dark_aqua","bold":true,"italic":true,"underlined":true}]}]},{"type":"item","weight":1,"name":"minecraft:player_head","functions":[{"function":"set_count","count":1},{"function":"set_nbt","tag":"{SkullOwner:{Id:[I;630075668,915163297,-2046968232,152236255],Properties:{textures:[{Value:\"eyJ0ZXh0dXJlcyI6eyJTS0lOIjp7InVybCI6Imh0dHA6Ly90ZXh0dXJlcy5taW5lY3JhZnQubmV0L3RleHR1cmUvMTcxNTI4NzZiYzNhOTZkZDJhMjI5OTI0NWVkYjNiZWVmNjQ3YzhhNTZhYzg4NTNhNjg3YzNlN2I1ZDhiYiJ9fX0=\"}]}}}"},{"function":"set_name","name":[{"text":"Pufferfish Head","color":"dark_aqua","bold":true,"italic":true,"underlined":true}]}]},{"type":"item","weight":30,"name":"minecraft:acacia_stairs","functions":[{"function":"set_count","count":0}]},{"type":"item","weight":6,"name":"minecraft:bone_meal","functions":[{"function":"set_count","count":{"min":0,"max":2}}]},{"type":"item","weight":1,"name":"minecraft:player_head","functions":[{"function":"set_count","count":1},{"function":"set_nbt","tag":"{SkullOwner:{Id:[I;924963916,1814251248,-1580315823,-1072487703],Properties:{textures:[{Value:\"eyJ0ZXh0dXJlcyI6eyJTS0lOIjp7InVybCI6Imh0dHA6Ly90ZXh0dXJlcy5taW5lY3JhZnQubmV0L3RleHR1cmUvNWQ1ZTdkMTkxNDc4ZWZhZmUyM2E2NTRkZTgwMjc2MGY0MmEwZGQ4M2RmYzk4MTdmODdkNDYwZmNmMzI5NzhkZiJ9fX0=\"}]}}}"},{"function":"set_name","name":[{"text":"Pufferfish Egg","color":"dark_aqua","bold":true,"italic":true,"underlined":true}]}]}]}]}