{"type":"entity","pools":[{"rolls":1,"entries":[{"type":"item","weight":10,"quality":1,"name":"minecraft:salmon_spawn_egg","functions":[{"function":"set_count","count":1},{"function":"set_nbt","tag":"{Tags:[fancy_it_mob_drop]}"},{"function":"set_name","name":[{"text":"Salmon Spawn Egg","color":"dark_purple","bold":true,"italic":true,"underlined":true}]}]},{"type":"item","weight":99,"quality":0,"name":"minecraft:acacia_stairs","functions":[{"function":"set_count","count":0}]}]},{"rolls":1,"bonus_rolls":1,"entries":[{"type":"item","weight":1,"name":"minecraft:salmon","functions":[{"function":"set_count","count":1}]}]},{"rolls":1,"entries":[{"type":"item","weight":4,"name":"minecraft:bone_meal","functions":[{"function":"set_count","count":{"min":0,"max":2}}]},{"type":"item","weight":4,"name":"minecraft:kelp","functions":[{"function":"set_count","count":{"min":0,"max":1}}]},{"type":"item","weight":1,"name":"minecraft:player_head","functions":[{"function":"set_count","count":1},{"function":"set_nbt","tag":"{SkullOwner:{Id:[I;55886896,964250478,-1905940066,-1276475368],Properties:{textures:[{Value:\"eyJ0ZXh0dXJlcyI6eyJTS0lOIjp7InVybCI6Imh0dHA6Ly90ZXh0dXJlcy5taW5lY3JhZnQubmV0L3RleHR1cmUvOGFlYjIxYTI1ZTQ2ODA2Y2U4NTM3ZmJkNjY2ODI4MWNmMTc2Y2VhZmU5NWFmOTBlOTRhNWZkODQ5MjQ4NzgifX19\"}]}}}"},{"function":"set_name","name":[{"text":"Salmon Head","color":"dark_aqua","bold":true,"italic":true,"underlined":true}]}]},{"type":"item","weight":1,"name":"minecraft:player_head","functions":[{"function":"set_count","count":1},{"function":"set_nbt","tag":"{SkullOwner:{Id:[I;-753690748,-60732552,-1533883966,-1239881939],Properties:{textures:[{Value:\"eyJ0ZXh0dXJlcyI6eyJTS0lOIjp7InVybCI6Imh0dHA6Ly90ZXh0dXJlcy5taW5lY3JhZnQubmV0L3RleHR1cmUvYmU4YWQ1Y2UyOThmYjNmNDI1ODc0OTQ5NTJhZjljNGFhOTA3MWJjMTNjZjFmMWJlNDkzNmFiNTI5YjM5NWVkMCJ9fX0=\"}]}}}"},{"function":"set_name","name":[{"text":"Salmon Body","color":"dark_aqua","bold":true,"italic":true,"underlined":true}]}]},{"type":"item","weight":10,"name":"minecraft:acacia_stairs","functions":[{"function":"set_count","count":0}]}]}]}