{"type":"entity","pools":[{"rolls":1,"entries":[{"type":"item","weight":10,"quality":1,"name":"minecraft:ghast_spawn_egg","functions":[{"function":"set_count","count":1},{"function":"set_nbt","tag":"{Tags:[fancy_it_mob_drop],EntityTag:{ExplosionPower:3}}"},{"function":"set_name","name":[{"text":"Ghast Spawn Egg","color":"dark_purple","bold":true,"italic":true,"underlined":true}]}]},{"type":"item","weight":99,"quality":0,"name":"minecraft:acacia_stairs","functions":[{"function":"set_count","count":0}]}]},{"rolls":1,"bonus_rolls":1,"entries":[{"type":"item","weight":1,"name":"minecraft:gunpowder","functions":[{"function":"set_count","count":{"min":0,"max":3}}]},{"type":"item","weight":1,"name":"minecraft:sugar","functions":[{"function":"set_count","count":{"min":0,"max":3}}]}]},{"rolls":1,"entries":[{"type":"item","weight":5,"name":"minecraft:player_head","functions":[{"function":"set_count","count":1},{"function":"set_nbt","tag":"{SkullOwner:{Id:[I;1624443913,-1394521278,-1150589186,-1189112778],Properties:{textures:[{Value:\"eyJ0ZXh0dXJlcyI6eyJTS0lOIjp7InVybCI6Imh0dHA6Ly90ZXh0dXJlcy5taW5lY3JhZnQubmV0L3RleHR1cmUvN2E4YjcxNGQzMmQ3ZjZjZjhiMzdlMjIxYjc1OGI5YzU5OWZmNzY2NjdjN2NkNDViYmM0OWM1ZWYxOTg1ODY0NiJ9fX0=\"}]}}}"},{"function":"set_name","name":[{"text":"Ghast Head","color":"dark_aqua"}]}]},{"type":"item","weight":20,"name":"minecraft:ghast_tear","functions":[{"function":"set_count","count":1}]},{"type":"item","weight":4,"name":"minecraft:blackstone","functions":[{"function":"set_count","count":0}]}]}]}