{"type":"entity","pools":[{"rolls":1,"entries":[{"type":"item","weight":10,"quality":1,"name":"minecraft:phantom_spawn_egg","functions":[{"function":"set_count","count":1},{"function":"set_nbt","tag":"{Tags:[fancy_it_mob_drop],EntityTag:{Size:3}}"},{"function":"set_name","name":[{"text":"Phantom Spawn Egg","color":"dark_purple","bold":true,"italic":true,"underlined":true}]}]},{"type":"item","weight":99,"quality":0,"name":"minecraft:acacia_stairs","functions":[{"function":"set_count","count":0}]}]},{"rolls":1,"bonus_rolls":1,"entries":[{"type":"item","weight":1,"name":"minecraft:phantom_membrane","functions":[{"function":"set_count","count":{"min":0,"max":2}}]}]},{"rolls":1,"entries":[{"type":"item","weight":2,"name":"minecraft:player_head","functions":[{"function":"set_count","count":{"min":0,"max":1}},{"function":"set_nbt","tag":"{SkullOwner:{Id:[I;-1836012072,-1030665638,-1886758577,374605475],Properties:{textures:[{Value:\"eyJ0ZXh0dXJlcyI6eyJTS0lOIjp7InVybCI6Imh0dHA6Ly90ZXh0dXJlcy5taW5lY3JhZnQubmV0L3RleHR1cmUvN2U5NTE1M2VjMjMyODRiMjgzZjAwZDE5ZDI5NzU2ZjI0NDMxM2EwNjFiNzBhYzAzYjk3ZDIzNmVlNTdiZDk4MiJ9fX0=\"}]}}}"},{"function":"set_name","name":[{"text":"Phantom Head","color":"dark_aqua","bold":true,"italic":true,"underlined":true}]}]},{"type":"item","weight":2,"name":"minecraft:player_head","functions":[{"function":"set_count","count":{"min":0,"max":1}},{"function":"set_nbt","tag":"{SkullOwner:{Id:[I;-225571623,-1820766387,-1967280423,964414797],Properties:{textures:[{Value:\"eyJ0ZXh0dXJlcyI6eyJTS0lOIjp7InVybCI6Imh0dHA6Ly90ZXh0dXJlcy5taW5lY3JhZnQubmV0L3RleHR1cmUvOTM4MWRmZWFjOGEwNTBkMzMwZmRlMDU4YmFkNWY1ZTZmMjI4ZjI4Y2QzNzk3NjFjMTE0N2UxN2M0ZWQ2MDViIn19fQ==\"}]}}}"},{"function":"set_name","name":[{"text":"Phantom Egg","color":"dark_aqua","bold":true,"italic":true,"underlined":true}]}]},{"type":"item","weight":2,"name":"minecraft:player_head","functions":[{"function":"set_count","count":{"min":0,"max":1}},{"function":"set_nbt","tag":"{SkullOwner:{Id:[I;208964803,-165786577,-2056248997,-2030300790],Properties:{textures:[{Value:\"eyJ0ZXh0dXJlcyI6eyJTS0lOIjp7InVybCI6Imh0dHA6Ly90ZXh0dXJlcy5taW5lY3JhZnQubmV0L3RleHR1cmUvMTU5NzYyZTUzOTM1Y2I5NTYxNmE2MGY5MzZmOGYxNzgxZWQzYzI3OWY5NjVhMWI2ZWE5NTA2NDkyODFkNTY3In19fQ==\"}]}}}"},{"function":"set_name","name":[{"text":"Phantom Breath","color":"dark_aqua","bold":true,"italic":true,"underlined":true}]}]},{"type":"item","weight":1,"name":"minecraft:elytra","functions":[{"function":"set_count","count":{"min":0,"max":1}},{"function":"set_nbt","tag":"{RepairCost:999,Enchantments:[{id:\"minecraft:binding_curse\",lvl:1s},{id:\"minecraft:vanishing_curse\",lvl:1s}]}"},{"function":"set_damage","damage":{"min":0.01,"max":0.1}},{"function":"set_name","name":[{"text":"Phantom Wings","color":"gold","bold":true,"italic":true,"underlined":true}]}]},{"type":"item","weight":15,"name":"minecraft:acacia_stairs","functions":[{"function":"set_count","count":0}]}]}]}