{"type":"entity","pools":[{"rolls":1,"entries":[{"type":"item","weight":10,"quality":1,"name":"minecraft:witch_spawn_egg","functions":[{"function":"set_count","count":1},{"function":"set_nbt","tag":"{Tags:[fancy_it_mob_drop]}"},{"function":"set_name","name":[{"text":"Witch Spawn Egg","color":"dark_purple","bold":true,"italic":true,"underlined":true}]}]},{"type":"item","weight":99,"quality":0,"name":"minecraft:acacia_stairs","functions":[{"function":"set_count","count":0}]}]},{"rolls":1,"entries":[{"type":"item","weight":1,"name":"minecraft:glowstone_dust","functions":[{"function":"set_count","count":{"min":0,"max":3}}]},{"type":"item","weight":1,"name":"minecraft:gunpowder","functions":[{"function":"set_count","count":{"min":0,"max":3}}]},{"type":"item","weight":1,"name":"minecraft:redstone","functions":[{"function":"set_count","count":{"min":0,"max":4}}]}]},{"rolls":1,"entries":[{"type":"item","weight":1,"name":"minecraft:glass_bottle","functions":[{"function":"set_count","count":{"min":0,"max":2}}]},{"type":"item","weight":1,"name":"minecraft:spider_eye","functions":[{"function":"set_count","count":{"min":0,"max":2}}]},{"type":"item","weight":1,"name":"minecraft:sugar","functions":[{"function":"set_count","count":{"min":0,"max":4}}]},{"type":"item","weight":1,"name":"minecraft:stick","functions":[{"function":"set_count","count":{"min":0,"max":4}}]}]},{"rolls":1,"entries":[{"type":"item","weight":1,"name":"minecraft:lingering_potion","functions":[{"function":"set_count","count":{"min":0,"max":1}},{"function":"set_nbt","tag":"{CustomPotionEffects:[{Id:15b,Amplifier:1b,Duration:200,ShowParticles:0b},{Id:18b,Amplifier:3b,Duration:200,ShowParticles:0b},{Id:20b,Amplifier:5b,Duration:200,ShowParticles:1b}],CustomPotionColor:1971768}"},{"function":"set_name","name":[{"text":"Harming Mix","color":"#1E1638","bold":true,"italic":true,"underlined":true}]}]},{"type":"item","weight":1,"name":"minecraft:splash_potion","functions":[{"function":"set_count","count":{"min":0,"max":1}},{"function":"set_nbt","tag":"{CustomPotionEffects:[{Id:8b,Amplifier:4b,Duration:200,ShowParticles:0b},{Id:21b,Amplifier:1b,Duration:200,ShowParticles:0b},{Id:26b,Amplifier:3b,Duration:200,ShowParticles:1b},{Id:32b,Amplifier:0b,Duration:200,ShowParticles:0b}],CustomPotionColor:4063115}"},{"function":"set_name","name":[{"text":"Super Mix","color":"#3DFF8B","bold":true,"italic":true,"underlined":true}]}]},{"type":"item","weight":1,"name":"minecraft:potion","functions":[{"function":"set_count","count":{"min":0,"max":1}},{"function":"set_nbt","tag":"{CustomPotionEffects:[{Id:12b,Amplifier:2b,Duration:200,ShowParticles:1b},{Id:13b,Amplifier:1b,Duration:200,ShowParticles:0b},{Id:24b,Amplifier:0b,Duration:200,ShowParticles:0b},{Id:29b,Amplifier:3b,Duration:200,ShowParticles:0b},{Id:30b,Amplifier:5b,Duration:200,ShowParticles:0b}],CustomPotionColor:16763942}"},{"function":"set_name","name":[{"text":"Water/Lava Mix","color":"#FFCC26","bold":true,"italic":true,"underlined":true}]}]},{"type":"item","weight":1,"name":"minecraft:player_head","functions":[{"function":"set_count","count":1},{"function":"set_nbt","tag":"{SkullOwner:{Id:[I;-40028638,-894809361,-1929228808,1677221642],Properties:{textures:[{Value:\"eyJ0ZXh0dXJlcyI6eyJTS0lOIjp7InVybCI6Imh0dHA6Ly90ZXh0dXJlcy5taW5lY3JhZnQubmV0L3RleHR1cmUvNzg0MTJlZWRlMjhiNDY0ZGVhNTY4M2I0OTdmNzAwODUzNWNjNjIzM2RhZDg3NDEyNmFlNDg2MWQ1NjE2MmE5NiJ9fX0=\"}]}}}"},{"function":"set_name","name":[{"text":"Witch Head","color":"dark_aqua","bold":true,"italic":true,"underlined":true}]}]},{"type":"item","weight":1,"name":"minecraft:player_head","functions":[{"function":"set_count","count":1},{"function":"set_nbt","tag":"{SkullOwner:{Id:[I;2140320726,1591757494,-1347542522,-1185854877],Properties:{textures:[{Value:\"eyJ0ZXh0dXJlcyI6eyJTS0lOIjp7InVybCI6Imh0dHA6Ly90ZXh0dXJlcy5taW5lY3JhZnQubmV0L3RleHR1cmUvMjBlMTNkMTg0NzRmYzk0ZWQ1NWFlYjcwNjk1NjZlNDY4N2Q3NzNkYWMxNmY0YzNmODcyMmZjOTViZjlmMmRmYSJ9fX0=\"}]}}}"},{"function":"set_name","name":[{"text":"Witch Head","color":"dark_aqua","bold":true,"italic":true,"underlined":true}]}]},{"type":"item","weight":1,"name":"minecraft:player_head","functions":[{"function":"set_count","count":1},{"function":"set_nbt","tag":"{SkullOwner:{Id:[I;1299042862,-642035940,-1374545902,-1381752512],Properties:{textures:[{Value:\"eyJ0ZXh0dXJlcyI6eyJTS0lOIjp7InVybCI6Imh0dHA6Ly90ZXh0dXJlcy5taW5lY3JhZnQubmV0L3RleHR1cmUvYWZiZGNlZWY3NzNkOTU5YjQ5ZGRkOTYxNWY0MjY5YzE3NmUyMzE1NGQ0NTc1MjY2NzQyOGRjNGUzZmQ0ZCJ9fX0=\"}]}}}"},{"function":"set_name","name":[{"text":"Witch Egg","color":"dark_aqua","bold":true,"italic":true,"underlined":true}]}]},{"type":"item","weight":25,"name":"minecraft:acacia_stairs","functions":[{"function":"set_count","count":0}]}]}]}