{"type":"entity","pools":[{"rolls":1,"entries":[{"type":"item","weight":10,"quality":1,"name":"minecraft:polar_bear_spawn_egg","functions":[{"function":"set_count","count":1},{"function":"set_nbt","tag":"{Tags:[fancy_it_mob_drop],EntityTag:{id:\"minecraft:snow_golem\",Pumpkin:1b}}"},{"function":"set_name","name":[{"text":"Snow_Golem Spawn Egg","color":"dark_purple","bold":true,"italic":true,"underlined":true}]}]},{"type":"item","weight":99,"quality":0,"name":"minecraft:acacia_stairs","functions":[{"function":"set_count","count":0}]}]},{"rolls":1,"bonus_rolls":1,"entries":[{"type":"item","weight":1,"name":"minecraft:snowball","functions":[{"function":"set_count","count":{"min":0,"max":16}}]}]},{"rolls":1,"entries":[{"type":"item","weight":6,"name":"minecraft:snow_block","functions":[{"function":"set_count","count":{"min":0,"max":1}}]},{"type":"item","weight":6,"name":"minecraft:carved_pumpkin","functions":[{"function":"set_count","count":{"min":0,"max":1}}]},{"type":"item","weight":1,"name":"minecraft:player_head","functions":[{"function":"set_count","count":1},{"function":"set_nbt","tag":"{SkullOwner:{Id:[I;2123952133,-46841029,-1740743230,-742739724],Properties:{textures:[{Value:\"eyJ0ZXh0dXJlcyI6eyJTS0lOIjp7InVybCI6Imh0dHA6Ly90ZXh0dXJlcy5taW5lY3JhZnQubmV0L3RleHR1cmUvMWZkZmQxZjc1MzhjMDQwMjU4YmU3YTkxNDQ2ZGE4OWVkODQ1Y2M1ZWY3MjhlYjVlNjkwNTQzMzc4ZmNmNCJ9fX0=\"}]}}}"},{"function":"set_name","name":[{"text":"Snow Golem Head","color":"dark_aqua","bold":true,"italic":true,"underlined":true}]}]},{"type":"item","weight":1,"name":"minecraft:player_head","functions":[{"function":"set_count","count":1},{"function":"set_nbt","tag":"{SkullOwner:{Id:[I;171790892,-976468759,-1547701393,-699711681],Properties:{textures:[{Value:\"eyJ0ZXh0dXJlcyI6eyJTS0lOIjp7InVybCI6Imh0dHA6Ly90ZXh0dXJlcy5taW5lY3JhZnQubmV0L3RleHR1cmUvYTEwYmY1NmU4ODI1NjA4ODllMDQyZDAxN2U4YjRjMDM5YjM1YTNhODRlNzE5N2M3ZjMzM2ViMjhkMDlkNDAyNSJ9fX0=\"}]}}}"},{"function":"set_name","name":[{"text":"Snow Golem Head","color":"dark_aqua","bold":true,"italic":true,"underlined":true}]}]},{"type":"item","weight":1,"name":"minecraft:player_head","functions":[{"function":"set_count","count":1},{"function":"set_nbt","tag":"{SkullOwner:{Id:[I;1704874588,1476543768,-1896976234,-1309423518],Properties:{textures:[{Value:\"eyJ0ZXh0dXJlcyI6eyJTS0lOIjp7InVybCI6Imh0dHA6Ly90ZXh0dXJlcy5taW5lY3JhZnQubmV0L3RleHR1cmUvMzljOTQ4NzY5MTFmYTMxNGU1Mzg5MjU2NDQ0ZmQ1NTQ3OGZiYTYzMDU3YmMyZWUwZjA2YTQxMmE3YzQ0ZWE5MSJ9fX0=\"}]}}}"},{"function":"set_name","name":[{"text":"Snow Golem Head","color":"dark_aqua","bold":true,"italic":true,"underlined":true}]}]},{"type":"item","weight":20,"name":"minecraft:acacia_stairs","functions":[{"function":"set_count","count":0}]}]}]}