{"type":"entity","pools":[{"rolls":1,"entries":[{"type":"item","weight":10,"quality":1,"name":"minecraft:skeleton_spawn_egg","functions":[{"function":"set_count","count":1},{"function":"set_nbt","tag":"{Tags:[fancy_it_mob_drop]}"},{"function":"set_name","name":[{"text":"Skeleton Spawn Egg","color":"dark_purple","bold":true,"italic":true,"underlined":true}]}]},{"type":"item","weight":99,"quality":0,"name":"minecraft:acacia_stairs","functions":[{"function":"set_count","count":0}]}]},{"rolls":1,"entries":[{"type":"item","weight":1,"name":"minecraft:bone","functions":[{"function":"set_count","count":{"min":0,"max":3}}]}]},{"rolls":1,"entries":[{"type":"item","weight":20,"name":"minecraft:arrow","functions":[{"function":"set_count","count":{"min":0,"max":3}}]},{"type":"item","weight":5,"name":"minecraft:tipped_arrow","functions":[{"function":"set_count","count":{"min":0,"max":2}},{"function":"set_nbt","tag":"{HideFlags:55,CustomPotionEffects:[{Id:14b,Amplifier:1b,Duration:200}],CustomPotionColor:6174463}"},{"function":"set_name","name":[{"text":"Invisible Arrow","color":"#5E36FF"}]}]},{"type":"item","weight":1,"name":"minecraft:player_head","functions":[{"function":"set_count","count":1},{"function":"set_nbt","tag":"{SkullOwner:{Id:[I;695168432,1803698278,-2074500402,1409806162],Properties:{textures:[{Value:\"eyJ0ZXh0dXJlcyI6eyJTS0lOIjp7InVybCI6Imh0dHA6Ly90ZXh0dXJlcy5taW5lY3JhZnQubmV0L3RleHR1cmUvNGRmZDE4MzU5MDA3MWJjYjE4M2NmYzk3ZjZjYjNiZWIyNzA2NjhjNWZlYTcxMTk5MDRmYThmYzU1MTE1NzYwMiJ9fX0=\"}]}}}"},{"function":"set_name","name":[{"text":"Skeleton Head","color":"dark_aqua","bold":true,"italic":true,"underlined":true}]}]},{"type":"item","weight":1,"name":"minecraft:player_head","functions":[{"function":"set_count","count":1},{"function":"set_nbt","tag":"{SkullOwner:{Id:[I;-1158787207,85805950,-1826400183,1215885146],Properties:{textures:[{Value:\"eyJ0ZXh0dXJlcyI6eyJTS0lOIjp7InVybCI6Imh0dHA6Ly90ZXh0dXJlcy5taW5lY3JhZnQubmV0L3RleHR1cmUvZmNhNDQ1NzQ5MjUxYmRkODk4ZmI4M2Y2Njc4NDRlMzhhMWRmZjc5YTE1MjlmNzlhNDI0NDdhMDU5OTMxMGVhNCJ9fX0=\"}]}}}"},{"function":"set_name","name":[{"text":"Skeleton Head","color":"dark_aqua","bold":true,"italic":true,"underlined":true}]}]}]}]}