{"type":"entity","pools":[{"rolls":1,"entries":[{"type":"item","weight":10,"quality":1,"name":"minecraft:squid_spawn_egg","functions":[{"function":"set_count","count":1},{"function":"set_nbt","tag":"{Tags:[fancy_it_mob_drop]}"},{"function":"set_name","name":[{"text":"Squid Spawn Egg","color":"dark_purple","bold":true,"italic":true,"underlined":true}]}]},{"type":"item","weight":99,"quality":0,"name":"minecraft:acacia_stairs","functions":[{"function":"set_count","count":0}]}]},{"rolls":1,"bonus_rolls":1,"entries":[{"type":"item","weight":1,"name":"minecraft:ink_sac","functions":[{"function":"set_count","count":{"min":1,"max":4}}]}]},{"rolls":1,"entries":[{"type":"item","weight":2,"name":"minecraft:heart_of_the_sea","functions":[{"function":"set_count","count":{"min":0,"max":1}}]},{"type":"item","weight":1,"name":"minecraft:player_head","functions":[{"function":"set_count","count":1},{"function":"set_nbt","tag":"{SkullOwner:{Id:[I;307521972,-1457961559,-2055518770,-450152061],Properties:{textures:[{Value:\"eyJ0ZXh0dXJlcyI6eyJTS0lOIjp7InVybCI6Imh0dHA6Ly90ZXh0dXJlcy5taW5lY3JhZnQubmV0L3RleHR1cmUvZDg3MDU2MjRkYWEyOTU2YWE0NTk1NmM4MWJhYjVmNGZkYjJjNzRhNTk2MDUxZTI0MTkyMDM5YWVhM2E4YjgifX19\"}]}}}"},{"function":"set_name","name":[{"text":"Squid Head","color":"dark_aqua","bold":true,"italic":true,"underlined":true}]}]},{"type":"item","weight":1,"name":"minecraft:player_head","functions":[{"function":"set_count","count":1},{"function":"set_nbt","tag":"{SkullOwner:{Id:[I;-2105590582,1508067596,-2138348849,-1263163590],Properties:{textures:[{Value:\"eyJ0ZXh0dXJlcyI6eyJTS0lOIjp7InVybCI6Imh0dHA6Ly90ZXh0dXJlcy5taW5lY3JhZnQubmV0L3RleHR1cmUvMmVjZDBiNWViNmIzODRkYjA3NmQ4NDQ2MDY1MjAyOTU5ZGRkZmYwMTYxZTBkNzIzYjNkZjBjYzU4NmQxNmJiZCJ9fX0=\"}]}}}"},{"function":"set_name","name":[{"text":"Squid Egg","color":"dark_aqua","bold":true,"italic":true,"underlined":true}]}]},{"type":"item","weight":1,"name":"minecraft:player_head","functions":[{"function":"set_count","count":1},{"function":"set_nbt","tag":"{SkullOwner:{Id:[I;1605795014,-688698252,-1868422832,-700362469],Properties:{textures:[{Value:\"eyJ0ZXh0dXJlcyI6eyJTS0lOIjp7InVybCI6Imh0dHA6Ly90ZXh0dXJlcy5taW5lY3JhZnQubmV0L3RleHR1cmUvOTUzMGQyMDY1MWFhMzhjMGU4MmMyZGFmYzM1MDQ0NDNjYzZhNGI5ZTZlZWQxNDViNmVkY2U5OTQ3OWNlODQ4ZiJ9fX0=\"}]}}}"},{"function":"set_name","name":[{"text":"Squid Head","color":"dark_aqua","bold":true,"italic":true,"underlined":true}]}]},{"type":"item","weight":17,"name":"minecraft:acacia_stairs","functions":[{"function":"set_count","count":0}]}]}]}