{"type":"entity","pools":[{"rolls":1,"entries":[{"type":"item","weight":10,"quality":1,"name":"minecraft:wither_skeleton_spawn_egg","functions":[{"function":"set_count","count":1},{"function":"set_nbt","tag":"{Tags:[fancy_it_mob_drop]}"},{"function":"set_name","name":[{"text":"Spawn Wither Skeleton","color":"dark_purple","bold":true,"italic":true,"underlined":true}]}]},{"type":"item","weight":99,"quality":0,"name":"minecraft:acacia_stairs","functions":[{"function":"set_count","count":0}]}]},{"rolls":1,"bonus_rolls":1,"entries":[{"type":"item","weight":1,"name":"minecraft:bone","functions":[{"function":"set_count","count":{"min":0,"max":3}}]}]},{"rolls":1,"entries":[{"type":"item","weight":20,"name":"minecraft:coal","functions":[{"function":"set_count","count":{"min":0,"max":2}}]},{"type":"item","weight":1,"name":"minecraft:wither_skeleton_skull","functions":[{"function":"set_count","count":1},{"function":"set_name","name":[{"text":"Wither Skeleton Head","color":"dark_aqua","bold":true,"italic":true,"underlined":true}]}]},{"type":"item","weight":5,"name":"minecraft:wither_rose","functions":[{"function":"set_count","count":{"min":0,"max":2}}]},{"type":"item","weight":1,"name":"minecraft:player_head","functions":[{"function":"set_count","count":1},{"function":"set_nbt","tag":"{SkullOwner:{Id:[I;-1543141032,-38322032,-1839520126,-1642186262],Properties:{textures:[{Value:\"eyJ0ZXh0dXJlcyI6eyJTS0lOIjp7InVybCI6Imh0dHA6Ly90ZXh0dXJlcy5taW5lY3JhZnQubmV0L3RleHR1cmUvZGFhNGUyMjk0ZGYzNzBiOWE1MGNiOTI0Y2RkYTc4Zjc0MGIwZmJhZjVhNjg3MTA2MTc4NTA1YzgwYTc5YWRkYyJ9fX0=\"}]}}}"},{"function":"set_name","name":[{"text":"Wither Skeleton Head","color":"dark_aqua","bold":true,"italic":true,"underlined":true}]}]},{"type":"item","weight":1,"name":"minecraft:player_head","functions":[{"function":"set_count","count":1},{"function":"set_nbt","tag":"{SkullOwner:{Id:[I;-1656182969,70403704,-1502666705,504800927],Properties:{textures:[{Value:\"eyJ0ZXh0dXJlcyI6eyJTS0lOIjp7InVybCI6Imh0dHA6Ly90ZXh0dXJlcy5taW5lY3JhZnQubmV0L3RleHR1cmUvMzM3MjIzZDAxOTA2YWI2M2FmMWExNTk4ODM0M2I4NjM3ZTg1OTMwYjkwNWMzNTEyNWI1NDViMzk4YzU5ZTFjNSJ9fX0=\"}]}}}"},{"function":"set_name","name":[{"text":"Wither Skeleton Egg","color":"dark_aqua","bold":true,"italic":true,"underlined":true}]}]}]}]}