{"type":"entity","pools":[{"rolls":1,"entries":[{"type":"item","weight":10,"quality":1,"name":"minecraft:cave_spider_spawn_egg","functions":[{"function":"set_count","count":1},{"function":"set_nbt","tag":"{Tags:[fancy_it_mob_drop]}"},{"function":"set_name","name":[{"text":"Cave_Spider Spawn Egg","color":"dark_purple","bold":true,"italic":true,"underlined":true}]}]},{"type":"item","weight":99,"quality":0,"name":"minecraft:acacia_stairs","functions":[{"function":"set_count","count":0}]}]},{"rolls":1,"bonus_rolls":1,"entries":[{"type":"item","weight":5,"name":"minecraft:string","functions":[{"function":"set_count","count":{"min":0,"max":3}}]},{"type":"item","weight":1,"name":"minecraft:spider_eye","functions":[{"function":"set_count","count":{"min":0,"max":3}}]}]},{"rolls":1,"entries":[{"type":"item","weight":2,"name":"minecraft:player_head","functions":[{"function":"set_count","count":1},{"function":"set_nbt","tag":"{SkullOwner:{Id:[I;-1225749303,218581705,-1473077212,-900503062],Properties:{textures:[{Value:\"eyJ0ZXh0dXJlcyI6eyJTS0lOIjp7InVybCI6Imh0dHA6Ly90ZXh0dXJlcy5taW5lY3JhZnQubmV0L3RleHR1cmUvNTYxN2Y3ZGQ1ZWQxNmYzYmQxODY0NDA1MTdjZDQ0MGExNzAwMTViMWNjNmZjYjJlOTkzYzA1ZGUzM2YifX19\"}]}}}"},{"function":"set_name","name":[{"text":"Spider Head","color":"dark_aqua","bold":true,"italic":true,"underlined":true}]}]},{"type":"item","weight":8,"name":"minecraft:poisonous_potato","functions":[{"function":"set_count","count":{"min":0,"max":2}}]},{"type":"item","weight":8,"name":"minecraft:cobweb","functions":[{"function":"set_count","count":{"min":0,"max":2}}]},{"type":"item","weight":40,"name":"minecraft:blackstone","functions":[{"function":"set_count","count":0}]}]}]}