{"type":"entity","pools":[{"rolls":1,"entries":[{"type":"item","weight":10,"quality":1,"name":"minecraft:guardian_spawn_egg","functions":[{"function":"set_count","count":1},{"function":"set_nbt","tag":"{Tags:[fancy_it_mob_drop]}"},{"function":"set_name","name":[{"text":"Guardian Spawn Egg","color":"dark_purple","bold":true,"italic":true,"underlined":true}]}]},{"type":"item","weight":99,"quality":0,"name":"minecraft:acacia_stairs","functions":[{"function":"set_count","count":0}]}]},{"rolls":1,"entries":[{"type":"item","weight":3,"name":"minecraft:prismarine_shard","functions":[{"function":"set_count","count":{"min":0,"max":4}}]},{"type":"item","weight":1,"name":"minecraft:cod","functions":[{"function":"set_count","count":{"min":0,"max":2}}]}]},{"rolls":1,"entries":[{"type":"item","weight":1,"name":"minecraft:player_head","functions":[{"function":"set_count","count":1},{"function":"set_nbt","tag":"{SkullOwner:{Id:[I;-209088544,83578780,-1886710678,495534087],Properties:{textures:[{Value:\"eyJ0ZXh0dXJlcyI6eyJTS0lOIjp7InVybCI6Imh0dHA6Ly90ZXh0dXJlcy5taW5lY3JhZnQubmV0L3RleHR1cmUvYzI1YWY5NjZhMzI2ZjlkOTg0NjZhN2JmODU4MmNhNGRhNjQ1M2RlMjcxYjNiYzllNTlmNTdhOTliNjM1MTFjNiJ9fX0=\"}]}}}"},{"function":"set_name","name":[{"text":"Guardian Head","color":"dark_aqua","bold":true,"italic":true,"underlined":true}]}]},{"type":"item","weight":15,"name":"minecraft:prismarine_crystals","functions":[{"function":"set_count","count":{"min":0,"max":2}}]},{"type":"item","weight":2,"name":"minecraft:tropical_fish","functions":[{"function":"set_count","count":{"min":0,"max":1}}]},{"type":"item","weight":1,"name":"minecraft:pufferfish","functions":[{"function":"set_count","count":{"min":0,"max":1}}]},{"type":"item","weight":2,"name":"minecraft:salmon","functions":[{"function":"set_count","count":{"min":0,"max":1}}]},{"type":"item","weight":15,"name":"minecraft:acacia_stairs","functions":[{"function":"set_count","count":0}]}]}]}