{"type":"entity","pools":[{"rolls":1,"entries":[{"type":"item","weight":10,"quality":1,"name":"minecraft:phantom_spawn_egg","functions":[{"function":"set_count","count":1},{"function":"set_nbt","tag":"{Tags:[fancy_it_mob_drop],EntityTag:{id:\"minecraft:illusioner\"}}"},{"function":"set_name","name":[{"text":"Illusioner Spawn Egg","color":"dark_purple","bold":true,"italic":true,"underlined":true}]}]},{"type":"item","weight":99,"quality":0,"name":"minecraft:acacia_stairs","functions":[{"function":"set_count","count":0}]}]},{"rolls":1,"entries":[{"type":"item","weight":1,"name":"minecraft:player_head","functions":[{"function":"set_count","count":{"min":0,"max":1}},{"function":"set_nbt","tag":"{SkullOwner:{Id:[I;1866344734,166937823,-1129474061,1807698148],Properties:{textures:[{Value:\"eyJ0ZXh0dXJlcyI6eyJTS0lOIjp7InVybCI6Imh0dHA6Ly90ZXh0dXJlcy5taW5lY3JhZnQubmV0L3RleHR1cmUvYTU1YThkZTExY2VkMDBhM2E2NmY0NTZmMTcxODg1YzBmNjM0M2E5MGUxMmY3M2ZkMjc0ZDNiM2Y1M2JhZTBiIn19fQ==\"}]}}}"},{"function":"set_name","name":[{"text":"Illusioner Head","color":"dark_aqua","bold":true,"italic":true,"underlined":true}]}]},{"type":"item","weight":2,"name":"minecraft:diamond","functions":[{"function":"set_count","count":{"min":0,"max":2}}]},{"type":"item","weight":2,"name":"minecraft:clock","functions":[{"function":"set_count","count":{"min":0,"max":1}}]},{"type":"item","weight":1,"name":"minecraft:enchanted_golden_apple","functions":[{"function":"set_count","count":{"min":0,"max":1}}]},{"type":"item","weight":1,"name":"minecraft:splash_potion","functions":[{"function":"set_count","count":{"min":0,"max":1}},{"function":"set_nbt","tag":"{HideFlags:63,CustomPotionEffects:[{Id:1b,Amplifier:100b,Duration:200},{Id:9b,Amplifier:5b,Duration:200},{Id:14b,Amplifier:1b,Duration:10},{Id:28b,Amplifier:1b,Duration:200}],CustomPotionColor:3900415}"},{"function":"set_name","name":[{"text":"Potion Of Illusion","color":"green"}]}]},{"type":"item","weight":1,"name":"minecraft:totem_of_undying","functions":[{"function":"set_count","count":{"min":0,"max":1}}]}]},{"rolls":1,"bonus_rolls":1,"entries":[{"type":"item","weight":1,"name":"minecraft:ender_pearl","functions":[{"function":"set_count","count":{"min":0,"max":3}}]},{"type":"item","weight":1,"name":"minecraft:experience_bottle","functions":[{"function":"set_count","count":{"min":0,"max":4}}]}]}]}