{"type":"entity","pools":[{"rolls":1,"entries":[{"type":"item","weight":10,"quality":1,"name":"minecraft:piglin_spawn_egg","functions":[{"function":"set_count","count":1},{"function":"set_nbt","tag":"{Tags:[fancy_it_mob_drop],EntityTag:{CannotHunt:1b}}"},{"function":"set_name","name":[{"text":"Piglin Spawn Egg","color":"dark_purple","bold":true,"italic":true,"underlined":true}]}]},{"type":"item","weight":99,"quality":0,"name":"minecraft:acacia_stairs","functions":[{"function":"set_count","count":0}]}]},{"rolls":1,"bonus_rolls":1,"entries":[{"type":"item","weight":3,"name":"minecraft:porkchop","functions":[{"function":"set_count","count":{"min":0,"max":2}}]},{"type":"item","weight":1,"name":"minecraft:gold_nugget","functions":[{"function":"set_count","count":{"min":0,"max":3}}]}]},{"rolls":1,"entries":[{"type":"item","weight":2,"name":"minecraft:player_head","functions":[{"function":"set_count","count":{"min":0,"max":1}},{"function":"set_nbt","tag":"{SkullOwner:{Id:[I;-176759970,-499233064,-1126978007,-593783375],Properties:{textures:[{Value:\"eyJ0ZXh0dXJlcyI6eyJTS0lOIjp7InVybCI6Imh0dHA6Ly90ZXh0dXJlcy5taW5lY3JhZnQubmV0L3RleHR1cmUvYzc5ZGE1ZmJmMmFlMWJkMGZmZGEyYjdkNWE2ZDgxMDc3NzIzMDNkMjQ2NjY3MzA5YWI0NTIwMzJhMTFmMjQ5In19fQ==\"}]}}}"},{"function":"set_name","name":[{"text":"Piglin Head","color":"dark_aqua","bold":true,"italic":true,"underlined":true}]}]},{"type":"item","weight":4,"name":"minecraft:gold_ingot","functions":[{"function":"set_count","count":{"min":0,"max":1}}]},{"type":"item","weight":1,"name":"minecraft:gold_block","functions":[{"function":"set_count","count":{"min":0,"max":1}}]},{"type":"item","weight":3,"name":"minecraft:spectral_arrow","functions":[{"function":"set_count","count":1}]},{"type":"item","weight":2,"name":"minecraft:golden_apple","functions":[{"function":"set_count","count":{"min":0,"max":1}}]},{"type":"item","weight":1,"name":"minecraft:music_disc_pigstep","functions":[{"function":"set_count","count":{"min":0,"max":1}}]},{"type":"item","weight":10,"name":"minecraft:acacia_stairs","functions":[{"function":"set_count","count":0}]}]}]}