{"type":"entity","pools":[{"rolls":1,"entries":[{"type":"item","weight":10,"quality":1,"name":"minecraft:tropical_fish_spawn_egg","functions":[{"function":"set_count","count":1},{"function":"set_nbt","tag":"{Tags:[fancy_it_mob_drop]}"},{"function":"set_name","name":[{"text":"Tropical_Fish Spawn Egg","color":"dark_purple","bold":true,"italic":true,"underlined":true}]}]},{"type":"item","weight":99,"quality":0,"name":"minecraft:acacia_stairs","functions":[{"function":"set_count","count":0}]}]},{"rolls":1,"entries":[{"type":"item","weight":1,"name":"minecraft:tropical_fish","functions":[{"function":"set_count","count":1}]}]},{"rolls":1,"entries":[{"type":"item","weight":4,"name":"minecraft:bone_meal","functions":[{"function":"set_count","count":{"min":0,"max":2}}]},{"type":"item","weight":2,"name":"minecraft:sea_pickle","functions":[{"function":"set_count","count":{"min":0,"max":1}}]},{"type":"item","weight":2,"name":"minecraft:nautilus_shell","functions":[{"function":"set_count","count":{"min":0,"max":1}}]},{"type":"item","weight":1,"name":"minecraft:player_head","functions":[{"function":"set_count","count":1},{"function":"set_nbt","tag":"{SkullOwner:{Id:[I;-1631250221,270945351,-2115312747,1013549526],Properties:{textures:[{Value:\"eyJ0ZXh0dXJlcyI6eyJTS0lOIjp7InVybCI6Imh0dHA6Ly90ZXh0dXJlcy5taW5lY3JhZnQubmV0L3RleHR1cmUvY2ZiZGMwNzIyNTQ5Y2U5ZjcyZmVkMThjZTRmMjc4ZjI3Y2EzMmEwMzk2NWM2MzU3NzhiNTRkMDVkM2NhODBmNCJ9fX0=\"}]}}}"},{"function":"set_name","name":[{"text":"Tropical Fish Head","color":"dark_aqua","bold":true,"italic":true,"underlined":true}]}]},{"type":"item","weight":1,"name":"minecraft:player_head","functions":[{"function":"set_count","count":1},{"function":"set_nbt","tag":"{SkullOwner:{Id:[I;-199403506,28066631,-1413126775,-295057633],Properties:{textures:[{Value:\"eyJ0ZXh0dXJlcyI6eyJTS0lOIjp7InVybCI6Imh0dHA6Ly90ZXh0dXJlcy5taW5lY3JhZnQubmV0L3RleHR1cmUvMmU0Mzg1ZDU4ZmU0NmRkOTY0MjJmMzFkMzViYmQxNTY4ZTU4MTliYmRiN2ExOTZjOWYxMTM0MjQ1ODJjZjk3NyJ9fX0=\"}]}}}"},{"function":"set_name","name":[{"text":"Tropical Fish Egg","color":"dark_aqua","bold":true,"italic":true,"underlined":true}]}]},{"type":"item","weight":1,"name":"minecraft:player_head","functions":[{"function":"set_count","count":1},{"function":"set_nbt","tag":"{SkullOwner:{Id:[I;-1644735147,1838172477,-1866362301,-1558204586],Properties:{textures:[{Value:\"eyJ0ZXh0dXJlcyI6eyJTS0lOIjp7InVybCI6Imh0dHA6Ly90ZXh0dXJlcy5taW5lY3JhZnQubmV0L3RleHR1cmUvZjU4MmRmNTc2MzkxMTgyMGZlYTEwNzBkYWY3MzdhYmU2Y2E0YWEyMjg0MjcyOGI4MDlhNDFkOGYwOTM5NDRkYiJ9fX0=\"}]}}}"},{"function":"set_name","name":[{"text":"Tropical Fish Book","color":"dark_aqua","bold":true,"italic":true,"underlined":true}]}]},{"type":"item","weight":15,"name":"minecraft:acacia_stairs","functions":[{"function":"set_count","count":0}]}]}]}