{"type":"entity","pools":[{"rolls":1,"entries":[{"type":"item","weight":10,"quality":1,"name":"minecraft:bee_spawn_egg","functions":[{"function":"set_count","count":1},{"function":"set_nbt","tag":"{Tags:[fancy_it_mob_drop]}"},{"function":"set_name","name":[{"text":"Bee Spawn Egg","color":"dark_purple","bold":true,"italic":true,"underlined":true}]}]},{"type":"item","weight":99,"quality":0,"name":"minecraft:acacia_stairs","functions":[{"function":"set_count","count":0}]}]},{"rolls":1,"bonus_rolls":1,"entries":[{"type":"item","weight":5,"name":"minecraft:honey_bottle","functions":[{"function":"set_count","count":{"min":1,"max":4}}]},{"type":"item","weight":20,"name":"minecraft:dandelion","functions":[{"function":"set_count","count":{"min":1,"max":4}}]},{"type":"item","weight":10,"name":"minecraft:cornflower","functions":[{"function":"set_count","count":{"min":1,"max":3}}]},{"type":"item","weight":10,"name":"minecraft:lily_of_the_valley","functions":[{"function":"set_count","count":{"min":1,"max":3}}]}]},{"rolls":1,"entries":[{"type":"item","weight":4,"name":"minecraft:player_head","functions":[{"function":"set_count","count":1},{"function":"set_nbt","tag":"{SkullOwner:{Id:[I;1202696533,-371375264,-1448948943,2033505249],Properties:{textures:[{Value:\"eyJ0ZXh0dXJlcyI6eyJTS0lOIjp7InVybCI6Imh0dHA6Ly90ZXh0dXJlcy5taW5lY3JhZnQubmV0L3RleHR1cmUvZmEyY2I3NGMxMzI0NWQzY2U5YmFjYzhiMTYwMGFmMDJmZDdjOTFmNTAxZmVhZjk3MzY0ZTFmOGI2ZjA0ZjQ3ZiJ9fX0=\"}]}}}"},{"function":"set_name","name":[{"text":"Bee Head","color":"dark_aqua","bold":true,"italic":true,"underlined":true}]}]},{"type":"item","weight":99,"name":"minecraft:blackstone","functions":[{"function":"set_count","count":0}]}]}]}