{"type":"entity","pools":[{"rolls":1,"entries":[{"type":"item","weight":10,"quality":1,"name":"minecraft:villager_spawn_egg","functions":[{"function":"set_count","count":1},{"function":"set_nbt","tag":"{Tags:[fancy_it_mob_drop]}"},{"function":"set_name","name":[{"text":"Villager Spawn Egg","color":"dark_purple","bold":true,"italic":true,"underlined":true}]}]},{"type":"item","weight":99,"quality":0,"name":"minecraft:acacia_stairs","functions":[{"function":"set_count","count":0}]}]},{"rolls":1,"entries":[{"type":"item","weight":2,"name":"minecraft:emerald","functions":[{"function":"set_count","count":{"min":0,"max":3}}]},{"type":"item","weight":1,"name":"minecraft:wheat","functions":[{"function":"set_count","count":{"min":0,"max":4}}]},{"type":"item","weight":1,"name":"minecraft:paper","functions":[{"function":"set_count","count":{"min":0,"max":3}}]}]},{"rolls":1,"entries":[{"type":"item","weight":4,"name":"minecraft:cookie","functions":[{"function":"set_count","count":{"min":0,"max":3}}]},{"type":"item","weight":3,"name":"minecraft:glowstone","functions":[{"function":"set_count","count":{"min":0,"max":2}}]},{"type":"item","weight":5,"name":"minecraft:glass_bottle","functions":[{"function":"set_count","count":{"min":0,"max":2}}]},{"type":"item","weight":4,"name":"minecraft:rabbit_stew","functions":[{"function":"set_count","count":{"min":0,"max":1}}]},{"type":"item","weight":1,"name":"minecraft:player_head","functions":[{"function":"set_count","count":1},{"function":"set_nbt","tag":"{SkullOwner:{Id:[I;1866845370,-249672434,-1471002471,-1661697628],Properties:{textures:[{Value:\"eyJ0ZXh0dXJlcyI6eyJTS0lOIjp7InVybCI6Imh0dHA6Ly90ZXh0dXJlcy5taW5lY3JhZnQubmV0L3RleHR1cmUvNmU4YzVmMzU1ZDFjM2UxMWUyMjlkNjViZDMzZGY4ZTBjZTVhYjY0NDRhODFhODU0NTJjNjFjMWNmYjJkZDllIn19fQ==\"}]}}}"},{"function":"set_name","name":[{"text":"Villager Head","color":"dark_aqua","bold":true,"italic":true,"underlined":true}]}]},{"type":"item","weight":1,"name":"minecraft:player_head","functions":[{"function":"set_count","count":1},{"function":"set_nbt","tag":"{SkullOwner:{Id:[I;1480608382,-1588769976,-1183003207,-1970401256],Properties:{textures:[{Value:\"eyJ0ZXh0dXJlcyI6eyJTS0lOIjp7InVybCI6Imh0dHA6Ly90ZXh0dXJlcy5taW5lY3JhZnQubmV0L3RleHR1cmUvNDFiODMwZWI0MDgyYWNlYzgzNmJjODM1ZTQwYTExMjgyYmI1MTE5MzMxNWY5MTE4NDMzN2U4ZDM1NTU1ODMifX19\"}]}}}"},{"function":"set_name","name":[{"text":"Villager Head","color":"dark_aqua","bold":true,"italic":true,"underlined":true}]}]}]}]}