{"type":"entity","pools":[{"rolls":1,"entries":[{"type":"item","weight":10,"quality":1,"name":"minecraft:cod_spawn_egg","functions":[{"function":"set_count","count":1},{"function":"set_nbt","tag":"{Tags:[fancy_it_mob_drop]}"},{"function":"set_name","name":[{"text":"Cod Spawn Egg","color":"dark_purple","bold":true,"italic":true,"underlined":true}]}]},{"type":"item","weight":99,"quality":0,"name":"minecraft:acacia_stairs","functions":[{"function":"set_count","count":0}]}]},{"rolls":1,"bonus_rolls":1,"entries":[{"type":"item","weight":15,"name":"minecraft:cod","functions":[{"function":"set_count","count":1}]},{"type":"item","weight":1,"name":"minecraft:bone_meal","functions":[{"function":"set_count","count":{"min":1,"max":2}}]}]},{"rolls":1,"entries":[{"type":"item","weight":1,"name":"minecraft:player_head","functions":[{"function":"set_count","count":1},{"function":"set_nbt","tag":"{SkullOwner:{Id:[I;-690698428,112478858,-1132806736,1997255119],Properties:{textures:[{Value:\"eyJ0ZXh0dXJlcyI6eyJTS0lOIjp7InVybCI6Imh0dHA6Ly90ZXh0dXJlcy5taW5lY3JhZnQubmV0L3RleHR1cmUvNzg5MmQ3ZGQ2YWFkZjM1Zjg2ZGEyN2ZiNjNkYTRlZGRhMjExZGY5NmQyODI5ZjY5MTQ2MmE0ZmIxY2FiMCJ9fX0=\"}]}}}"},{"function":"set_name","name":[{"text":"Cod Head","color":"dark_aqua","bold":true,"italic":true,"underlined":true}]}]},{"type":"item","weight":40,"name":"minecraft:blackstone","functions":[{"function":"set_count","count":0}]}]}]}