{"type":"entity","pools":[{"rolls":1,"entries":[{"type":"item","weight":10,"quality":1,"name":"minecraft:elder_guardian_spawn_egg","functions":[{"function":"set_count","count":1},{"function":"set_nbt","tag":"{Tags:[fancy_it_mob_drop]}"},{"function":"set_name","name":[{"text":"Elder Guardian Spawn Egg","color":"dark_purple","bold":true,"italic":true,"underlined":true}]}]},{"type":"item","weight":99,"quality":0,"name":"minecraft:acacia_stairs","functions":[{"function":"set_count","count":0}]}]},{"rolls":1,"bonus_rolls":1,"entries":[{"type":"item","weight":2,"name":"minecraft:prismarine_shard","functions":[{"function":"set_count","count":{"min":0,"max":5}}]},{"type":"item","weight":1,"name":"minecraft:prismarine_crystals","functions":[{"function":"set_count","count":{"min":0,"max":4}}]}]},{"rolls":1,"entries":[{"type":"item","weight":2,"name":"minecraft:player_head","functions":[{"function":"set_count","count":1},{"function":"set_nbt","tag":"{SkullOwner:{Id:[I;-446003383,-1974845236,-1645396848,-122778525],Properties:{textures:[{Value:\"eyJ0ZXh0dXJlcyI6eyJTS0lOIjp7InVybCI6Imh0dHA6Ly90ZXh0dXJlcy5taW5lY3JhZnQubmV0L3RleHR1cmUvMWM3OTc0ODJhMTRiZmNiODc3MjU3Y2IyY2ZmMWI2ZTZhOGI4NDEzMzM2ZmZiNGMyOWE2MTM5Mjc4YjQzNmIifX19\"}]}}}"},{"function":"set_name","name":[{"text":"Elder Guardian Head","color":"dark_aqua","bold":true,"italic":true,"underlined":true}]}]},{"type":"item","weight":5,"name":"minecraft:sponge","functions":[{"function":"set_count","count":{"min":0,"max":2}}]},{"type":"item","weight":14,"name":"minecraft:wet_sponge","functions":[{"function":"set_count","count":{"min":1,"max":2}}]},{"type":"item","weight":2,"name":"minecraft:cod","functions":[{"function":"set_count","count":{"min":0,"max":4}}]},{"type":"item","weight":1,"name":"minecraft:pufferfish","functions":[{"function":"set_count","count":{"min":0,"max":2}}]},{"type":"item","weight":1,"name":"minecraft:tropical_fish","functions":[{"function":"set_count","count":{"min":0,"max":3}}]},{"type":"item","weight":1,"name":"minecraft:salmon","functions":[{"function":"set_count","count":{"min":0,"max":3}}]}]}]}