{"type":"entity","pools":[{"rolls":1,"entries":[{"type":"item","weight":10,"quality":1,"name":"minecraft:zombie_spawn_egg","functions":[{"function":"set_count","count":1},{"function":"set_nbt","tag":"{Tags:[fancy_it_mob_drop],EntityTag:{CanBreakDoors:1b}}"},{"function":"set_name","name":[{"text":"Zombie Spawn Egg","color":"dark_purple","bold":true,"italic":true,"underlined":true}]}]},{"type":"item","weight":99,"quality":0,"name":"minecraft:acacia_stairs","functions":[{"function":"set_count","count":0}]}]},{"rolls":1,"bonus_rolls":1,"entries":[{"type":"item","weight":50,"name":"minecraft:rotten_flesh","functions":[{"function":"set_count","count":{"min":1,"max":3}}]},{"type":"item","weight":1,"name":"minecraft:iron_ingot","functions":[{"function":"set_count","count":1}]},{"type":"item","weight":1,"name":"minecraft:carrot","functions":[{"function":"set_count","count":1}]},{"type":"item","weight":1,"name":"minecraft:baked_potato","functions":[{"function":"set_count","count":1}]}]},{"rolls":1,"entries":[{"type":"item","weight":1,"name":"minecraft:player_head","functions":[{"function":"set_count","count":1},{"function":"set_nbt","tag":"{SkullOwner:{Id:[I;-1722163816,-273461527,-1459933222,35179936],Properties:{textures:[{Value:\"eyJ0ZXh0dXJlcyI6eyJTS0lOIjp7InVybCI6Imh0dHA6Ly90ZXh0dXJlcy5taW5lY3JhZnQubmV0L3RleHR1cmUvNTZmYzg1NGJiODRjZjRiNzY5NzI5Nzk3M2UwMmI3OWJjMTA2OTg0NjBiNTFhNjM5YzYwZTVlNDE3NzM0ZTExIn19fQ==\"}]}}}"},{"function":"set_name","name":[{"text":"Zomie Head","color":"dark_aqua","bold":true,"italic":true,"underlined":true}]}]},{"type":"item","weight":1,"name":"minecraft:player_head","functions":[{"function":"set_count","count":1},{"function":"set_nbt","tag":"{SkullOwner:{Id:[I;-1765016409,1462323185,-1136769144,-1133836548],Properties:{textures:[{Value:\"eyJ0ZXh0dXJlcyI6eyJTS0lOIjp7InVybCI6Imh0dHA6Ly90ZXh0dXJlcy5taW5lY3JhZnQubmV0L3RleHR1cmUvM2ZkMmRkMWQ1YzkzZTU5NWU3OWJmMWRkYTMzMmJiODJkMjNlYzk2M2U3YTMwNGZjMjFjMjM0ZGY0NWE2ZWYifX19\"}]}}}"},{"function":"set_name","name":[{"text":"Zomie Head","color":"dark_aqua","bold":true,"italic":true,"underlined":true}]}]},{"type":"item","weight":1,"name":"minecraft:player_head","functions":[{"function":"set_count","count":1},{"function":"set_nbt","tag":"{SkullOwner:{Id:[I;-270827051,-281721985,-1848472545,1097101339],Properties:{textures:[{Value:\"eyJ0ZXh0dXJlcyI6eyJTS0lOIjp7InVybCI6Imh0dHA6Ly90ZXh0dXJlcy5taW5lY3JhZnQubmV0L3RleHR1cmUvZmFhYzIyMzAxNTlhODAzZDI4Y2ZkZTY2NjJlYWYzNzlkYTg5YThhMDczYzdiZTIwYzZlN2U0MDhkZDg4NjFkMSJ9fX0=\"}]}}}"},{"function":"set_name","name":[{"text":"Zomie Head","color":"dark_aqua","bold":true,"italic":true,"underlined":true}]}]},{"type":"item","weight":40,"name":"minecraft:acacia_stairs","functions":[{"function":"set_count","count":0}]}]}]}