{"type":"entity","pools":[{"rolls":1,"entries":[{"type":"item","weight":10,"quality":1,"name":"minecraft:pillager_spawn_egg","functions":[{"function":"set_count","count":1},{"function":"set_nbt","tag":"{Tags:[fancy_it_mob_drop]}"},{"function":"set_name","name":[{"text":"Pillager Spawn Egg","color":"dark_purple","bold":true,"italic":true,"underlined":true}]}]},{"type":"item","weight":99,"quality":0,"name":"minecraft:acacia_stairs","functions":[{"function":"set_count","count":0}]}]},{"rolls":1,"entries":[{"type":"item","weight":3,"name":"minecraft:arrow","functions":[{"function":"set_count","count":{"min":0,"max":3}}]},{"type":"item","weight":1,"name":"minecraft:acacia_stairs","functions":[{"function":"set_count","count":0}]}]},{"rolls":1,"entries":[{"type":"item","weight":1,"name":"minecraft:player_head","functions":[{"function":"set_count","count":1},{"function":"set_nbt","tag":"{SkullOwner:{Id:[I;449435050,1190088049,-1334360732,942410307],Properties:{textures:[{Value:\"eyJ0ZXh0dXJlcyI6eyJTS0lOIjp7InVybCI6Imh0dHA6Ly90ZXh0dXJlcy5taW5lY3JhZnQubmV0L3RleHR1cmUvNGFlZTZiYjM3Y2JmYzkyYjBkODZkYjVhZGE0NzkwYzY0ZmY0NDY4ZDY4Yjg0OTQyZmRlMDQ0MDVlOGVmNTMzMyJ9fX0=\"}]}}}"},{"function":"set_name","name":[{"text":"Pillager Head","color":"dark_aqua","bold":true,"italic":true,"underlined":true}]}]},{"type":"item","weight":6,"name":"minecraft:emerald","functions":[{"function":"set_count","count":{"min":1,"max":3}}]},{"type":"item","weight":3,"name":"minecraft:tipped_arrow","functions":[{"function":"set_count","count":{"min":1,"max":2}},{"function":"set_nbt","tag":"{CustomPotionEffects:[{Id:2b,Amplifier:3b,Duration:200},{Id:24b,Amplifier:1b,Duration:200}],CustomPotionColor:7029559}"}]},{"type":"item","weight":30,"name":"minecraft:acacia_stairs","functions":[{"function":"set_count","count":0}]},{"type":"item","weight":1,"name":"minecraft:player_head","functions":[{"function":"set_count","count":1},{"function":"set_nbt","tag":"{SkullOwner:{Id:[I;-190438703,-1622129983,-1517391125,2035274880],Properties:{textures:[{Value:\"eyJ0ZXh0dXJlcyI6eyJTS0lOIjp7InVybCI6Imh0dHA6Ly90ZXh0dXJlcy5taW5lY3JhZnQubmV0L3RleHR1cmUvN2U3ZjEzZWU1ZDZjYzZmMDg0YjRhNGM0OTg2MGRkMDJhYjA1NWUxNDM3ZmY3ZTYxNzY0YTY2MjI4N2VjNWFmOCJ9fX0=\"}]}}}"},{"function":"set_name","name":[{"text":"Pillager Head","color":"dark_aqua","bold":true,"italic":true,"underlined":true}]}]},{"type":"item","weight":1,"name":"minecraft:player_head","functions":[{"function":"set_count","count":1},{"function":"set_nbt","tag":"{SkullOwner:{Id:[I;1961740872,1398097787,-1377772896,-1881601141],Properties:{textures:[{Value:\"eyJ0ZXh0dXJlcyI6eyJTS0lOIjp7InVybCI6Imh0dHA6Ly90ZXh0dXJlcy5taW5lY3JhZnQubmV0L3RleHR1cmUvZmNmMzcxNmRkZmY1N2YzZjBjYzY4MTNmYjI2NDBhMzgzOWMwMDQ1NGFhY2I2ZDI1Mjk0MmRlNTI0N2Q3Y2MxNyJ9fX0=\"}]}}}"},{"function":"set_name","name":[{"text":"Pillager Head","color":"dark_aqua","bold":true,"italic":true,"underlined":true}]}]}]}]}