{
  "pools": [
    {
      "rolls": 1,
      "bonus_rolls": 1,
      "entries": [
        {
          "type": "minecraft:item",
          "weight": 700,
          "name": "minecraft:oak_sapling",
          "functions": [
            {
              "function": "minecraft:set_count",
              "count": {
                "min": 1,
                "max": 6
              }
            }
          ]
        },
        {
          "type": "minecraft:item",
          "weight": 20000,
          "name": "minecraft:air",
          "functions": [
            {
              "function": "minecraft:set_count",
              "count": {
                "min": 1,
                "max": 64
              }
            }
          ]
        },
        {
          "type": "minecraft:item",
          "weight": 700,
          "name": "minecraft:granite",
          "functions": [
            {
              "function": "minecraft:set_count",
              "count": {
                "min": 1,
                "max": 17
              }
            }
          ]
        },
        {
          "type": "minecraft:item",
          "weight": 700,
          "name": "minecraft:andesite",
          "functions": [
            {
              "function": "minecraft:set_count",
              "count": {
                "min": 1,
                "max": 16
              }
            }
          ]
        },
        {
          "type": "minecraft:item",
          "weight": 700,
          "name": "minecraft:grass_block",
          "functions": [
            {
              "function": "minecraft:set_count",
              "count": {
                "min": 1,
                "max": 11
              }
            }
          ]
        },
        {
          "type": "minecraft:item",
          "weight": 1200,
          "name": "minecraft:stone",
          "functions": [
            {
              "function": "minecraft:set_count",
              "count": {
                "min": 1,
                "max": 24
              }
            }
          ]
        },
        {
          "type": "minecraft:item",
          "weight": 500,
          "name": "minecraft:red_sand",
          "functions": [
            {
              "function": "minecraft:set_count",
              "count": {
                "min": 1,
                "max": 19
              }
            }
          ]
        },
        {
          "type": "minecraft:item",
          "weight": 700,
          "name": "minecraft:sand",
          "functions": [
            {
              "function": "minecraft:set_count",
              "count": {
                "min": 1,
                "max": 20
              }
            }
          ]
        },
        {
          "type": "minecraft:item",
          "weight": 500,
          "name": "minecraft:gravel",
          "functions": [
            {
              "function": "minecraft:set_count",
              "count": {
                "min": 1,
                "max": 28
              }
            }
          ]
        },
        {
          "type": "minecraft:item",
          "weight": 500,
          "name": "minecraft:dark_oak_log",
          "functions": [
            {
              "function": "minecraft:set_count",
              "count": {
                "min": 1,
                "max": 24
              }
            }
          ]
        },
        {
          "type": "minecraft:item",
          "weight": 500,
          "name": "minecraft:spruce_log",
          "functions": [
            {
              "function": "minecraft:set_count",
              "count": {
                "min": 1,
                "max": 12
              }
            }
          ]
        },
        {
          "type": "minecraft:item",
          "weight": 400,
          "name": "minecraft:warped_planks",
          "functions": [
            {
              "function": "minecraft:set_count",
              "count": {
                "min": 1,
                "max": 25
              }
            }
          ]
        },
        {
          "type": "minecraft:item",
          "weight": 300,
          "name": "minecraft:acacia_sapling",
          "functions": [
            {
              "function": "minecraft:set_count",
              "count": {
                "min": 1,
                "max": 10
              }
            }
          ]
        },
        {
          "type": "minecraft:item",
          "weight": 300,
          "name": "minecraft:birch_sapling",
          "functions": [
            {
              "function": "minecraft:set_count",
              "count": {
                "min": 1,
                "max": 7
              }
            }
          ]
        },
        {
          "type": "minecraft:item",
          "weight": 150,
          "name": "minecraft:shulker_shell",
          "functions": [
            {
              "function": "minecraft:set_count",
              "count": {
                "min": 1,
                "max": 6
              }
            }
          ]
        },
        {
          "type": "minecraft:item",
          "weight": 500,
          "name": "minecraft:bone_meal",
          "functions": [
            {
              "function": "minecraft:set_count",
              "count": {
                "min": 1,
                "max": 18
              }
            }
          ]
        },
        {
          "type": "minecraft:item",
          "weight": 200,
          "name": "minecraft:mutton",
          "functions": [
            {
              "function": "minecraft:set_count",
              "count": {
                "min": 1,
                "max": 17
              }
            }
          ]
        },
        {
          "type": "minecraft:item",
          "weight": 200,
          "name": "minecraft:glowstone_dust",
          "functions": [
            {
              "function": "minecraft:set_count",
              "count": {
                "min": 1,
                "max": 29
              }
            }
          ]
        },
        {
          "type": "minecraft:item",
          "weight": 150,
          "name": "minecraft:blaze_rod",
          "functions": [
            {
              "function": "minecraft:set_count",
              "count": {
                "min": 1,
                "max": 15
              }
            }
          ]
        },
        {
          "type": "minecraft:item",
          "weight": 300,
          "name": "minecraft:terracotta",
          "functions": [
            {
              "function": "minecraft:set_count",
              "count": {
                "min": 1,
                "max": 21
              }
            }
          ]
        },
        {
          "type": "minecraft:item",
          "weight": 100,
          "name": "minecraft:lava_bucket",
          "functions": [
            {
              "function": "minecraft:set_count",
              "count": {
                "min": 1,
                "max": 1
              }
            }
          ]
        },
        {
          "type": "minecraft:item",
          "weight": 800,
          "name": "minecraft:blackstone",
          "functions": [
            {
              "function": "minecraft:set_count",
              "count": {
                "min": 1,
                "max": 25
              }
            }
          ]
        },
        {
          "type": "minecraft:item",
          "weight": 100,
          "name": "minecraft:phantom_membrane",
          "functions": [
            {
              "function": "minecraft:set_count",
              "count": {
                "min": 1,
                "max": 8
              }
            }
          ]
        },
        {
          "type": "minecraft:item",
          "weight": 50,
          "name": "minecraft:gray_dye",
          "functions": [
            {
              "function": "minecraft:set_count",
              "count": {
                "min": 1,
                "max": 16
              }
            }
          ]
        },
        {
          "type": "minecraft:item",
          "weight": 50,
          "name": "minecraft:cyan_dye",
          "functions": [
            {
              "function": "minecraft:set_count",
              "count": {
                "min": 1,
                "max": 16
              }
            }
          ]
        },
        {
          "type": "minecraft:item",
          "weight": 50,
          "name": "minecraft:brown_dye",
          "functions": [
            {
              "function": "minecraft:set_count",
              "count": {
                "min": 1,
                "max": 16
              }
            }
          ]
        },
        {
          "type": "minecraft:item",
          "weight": 50,
          "name": "minecraft:black_dye",
          "functions": [
            {
              "function": "minecraft:set_count",
              "count": {
                "min": 1,
                "max": 16
              }
            }
          ]
        },
        {
          "type": "minecraft:item",
          "weight": 50,
          "name": "minecraft:orange_dye",
          "functions": [
            {
              "function": "minecraft:set_count",
              "count": {
                "min": 1,
                "max": 16
              }
            }
          ]
        },
        {
          "type": "minecraft:item",
          "weight": 50,
          "name": "minecraft:blue_dye",
          "functions": [
            {
              "function": "minecraft:set_count",
              "count": {
                "min": 1,
                "max": 16
              }
            }
          ]
        },
        {
          "type": "minecraft:item",
          "weight": 50,
          "name": "minecraft:clay",
          "functions": [
            {
              "function": "minecraft:set_count",
              "count": {
                "min": 1,
                "max": 22
              }
            }
          ]
        },
        {
          "type": "minecraft:item",
          "weight": 80,
          "name": "minecraft:packed_ice",
          "functions": [
            {
              "function": "minecraft:set_count",
              "count": {
                "min": 1,
                "max": 19
              }
            }
          ]
        },
        {
          "type": "minecraft:item",
          "weight": 200,
          "name": "minecraft:ancient_debris",
          "functions": [
            {
              "function": "minecraft:set_count",
              "count": {
                "min": 1,
                "max": 2
              }
            }
          ]
        },
        {
          "type": "minecraft:item",
          "weight": 10,
          "name": "minecraft:diamond",
          "functions": [
            {
              "function": "minecraft:set_count",
              "count": {
                "min": 1,
                "max": 4
              }
            }
          ]
        },
        {
          "type": "minecraft:item",
          "weight": 200,
          "name": "minecraft:beef",
          "functions": [
            {
              "function": "minecraft:set_count",
              "count": {
                "min": 1,
                "max": 13
              }
            }
          ]
        },
        {
          "type": "minecraft:item",
          "weight": 100,
          "name": "minecraft:salmon",
          "functions": [
            {
              "function": "minecraft:set_count",
              "count": {
                "min": 1,
                "max": 6
              }
            }
          ]
        },
        {
          "type": "minecraft:item",
          "weight": 300,
          "name": "minecraft:cake",
          "functions": [
            {
              "function": "minecraft:set_count",
              "count": {
                "min": 1,
                "max": 1
              }
            }
          ]
        },
        {
          "type": "minecraft:item",
          "weight": 200,
          "name": "minecraft:cooked_rabbit",
          "functions": [
            {
              "function": "minecraft:set_count",
              "count": {
                "min": 1,
                "max": 17
              }
            }
          ]
        },
        {
          "type": "minecraft:item",
          "weight": 300,
          "name": "minecraft:soul_sand",
          "functions": [
            {
              "function": "minecraft:set_count",
              "count": {
                "min": 1,
                "max": 20
              }
            }
          ]
        },
        {
          "type": "minecraft:item",
          "weight": 100,
          "name": "minecraft:chorus_fruit",
          "functions": [
            {
              "function": "minecraft:set_count",
              "count": {
                "min": 1,
                "max": 10
              }
            }
          ]
        },
        {
          "type": "minecraft:item",
          "weight": 80,
          "name": "minecraft:magma_cream",
          "functions": [
            {
              "function": "minecraft:set_count",
              "count": {
                "min": 1,
                "max": 23
              }
            }
          ]
        },
        {
          "type": "minecraft:item",
          "weight": 50,
          "name": "minecraft:enchanted_golden_apple",
          "functions": [
            {
              "function": "minecraft:set_count",
              "count": {
                "min": 1,
                "max": 2
              }
            }
          ]
        },
        {
          "type": "minecraft:item",
          "weight": 700,
          "name": "minecraft:netherrack",
          "functions": [
            {
              "function": "minecraft:set_count",
              "count": {
                "min": 1,
                "max": 23
              }
            }
          ]
        },
        {
          "type": "minecraft:item",
          "weight": 400,
          "name": "minecraft:honey_block",
          "functions": [
            {
              "function": "minecraft:set_count",
              "count": {
                "min": 1,
                "max": 5
              }
            }
          ]
        },
        {
          "type": "minecraft:item",
          "weight": 30,
          "name": "minecraft:sponge",
          "functions": [
            {
              "function": "minecraft:set_count",
              "count": {
                "min": 1,
                "max": 3
              }
            }
          ]
        },
        {
          "type": "minecraft:item",
          "weight": 400,
          "name": "minecraft:basalt",
          "functions": [
            {
              "function": "minecraft:set_count",
              "count": {
                "min": 1,
                "max": 23
              }
            }
          ]
        },
        {
          "type": "minecraft:item",
          "weight": 500,
          "name": "minecraft:mycelium",
          "functions": [
            {
              "function": "minecraft:set_count",
              "count": {
                "min": 1,
                "max": 23
              }
            }
          ]
        },
        {
          "type": "minecraft:item",
          "weight": 200,
          "name": "minecraft:podzol",
          "functions": [
            {
              "function": "minecraft:set_count",
              "count": {
                "min": 1,
                "max": 20
              }
            }
          ]
        },
        {
          "type": "minecraft:item",
          "weight": 150,
          "name": "minecraft:cookie",
          "functions": [
            {
              "function": "minecraft:set_count",
              "count": {
                "min": 1,
                "max": 15
              }
            }
          ]
        },
        {
          "type": "minecraft:item",
          "weight": 200,
          "name": "minecraft:pumpkin_pie",
          "functions": [
            {
              "function": "minecraft:set_count",
              "count": {
                "min": 1,
                "max": 14
              }
            }
          ]
        },
        {
          "type": "minecraft:item",
          "weight": 100,
          "name": "minecraft:apple",
          "functions": [
            {
              "function": "minecraft:set_count",
              "count": {
                "min": 1,
                "max": 10
              }
            }
          ]
        },
        {
          "type": "minecraft:item",
          "weight": 200,
          "name": "minecraft:experience_bottle",
          "functions": [
            {
              "function": "minecraft:set_count",
              "count": {
                "min": 1,
                "max": 33
              }
            }
          ]
        },
        {
          "type": "minecraft:item",
          "weight": 300,
          "name": "minecraft:snowball",
          "functions": [
            {
              "function": "minecraft:set_count",
              "count": {
                "min": 1,
                "max": 16
              }
            }
          ]
        },
        {
          "type": "minecraft:item",
          "weight": 50,
          "name": "minecraft:name_tag",
          "functions": [
            {
              "function": "minecraft:set_count",
              "count": {
                "min": 1,
                "max": 3
              }
            }
          ]
        },
        {
          "type": "minecraft:item",
          "weight": 30,
          "name": "minecraft:magma_cube_spawn_egg",
          "functions": [
            {
              "function": "minecraft:set_count",
              "count": {
                "min": 1,
                "max": 2
              }
            },
            {
              "function": "minecraft:set_name",
              "entity": "this",
              "name": [{"text":"Magma Cube Spawn Egg","color":"dark_purple"}]
            },
            {
              "function": "minecraft:set_nbt",
              "tag": "{BlockEntityTag:{SpawnCount:4,SpawnRange:4,Delay:200,MinSpawnDelay:100,MaxSpawnDelay:300,MaxNearbyEntities:10,RequiredPlayerRange:10,SpawnData:{id:\"minecraft:magma_cube\",Motion:[0.0,0.3,0.0],Tags:[\"fancy_it_no_spawner\"]},SpawnPotentials:[{Weight:1,Entity:{id:\"minecraft:magma_cube\",Size:4,Motion:[0.0,0.3,0.0],Tags:[\"fancy_it_no_spawner\"]}}]}}"
            }
          ]
        },
        {
          "type": "minecraft:item",
          "weight": 30,
          "name": "minecraft:ravager_spawn_egg",
          "functions": [
            {
              "function": "minecraft:set_count",
              "count": {
                "min": 1,
                "max": 2
              }
            },
            {
              "function": "minecraft:set_name",
              "entity": "this",
              "name": [{"text":"Ravager Spawn Egg","color":"dark_purple"}]
            },
            {
              "function": "minecraft:set_nbt",
              "tag": "{BlockEntityTag:{SpawnCount:4,SpawnRange:4,Delay:200,MinSpawnDelay:100,MaxSpawnDelay:300,MaxNearbyEntities:10,RequiredPlayerRange:10,SpawnData:{id:\"minecraft:spider\",Motion:[0.0,0.3,0.0],Tags:[\"fancy_it_no_spawner\"]},SpawnPotentials:[{Weight:1,Entity:{id:\"minecraft:spider\",Size:4,Motion:[0.0,0.3,0.0],Tags:[\"fancy_it_no_spawner\"]}}]}}"
            }
          ]
        },
        {
          "type": "minecraft:item",
          "weight": 30,
          "name": "minecraft:piglin_spawn_egg",
          "functions": [
            {
              "function": "minecraft:set_count",
              "count": {
                "min": 1,
                "max": 2
              }
            },
            {
              "function": "minecraft:set_name",
              "entity": "this",
              "name": [{"text":"Piglin Spawn Egg","color":"dark_purple"}]
            },
            {
              "function": "minecraft:set_nbt",
              "tag": "{BlockEntityTag:{SpawnCount:4,SpawnRange:4,Delay:200,MinSpawnDelay:100,MaxSpawnDelay:300,MaxNearbyEntities:10,RequiredPlayerRange:10,SpawnData:{id:\"minecraft:piglin\",Motion:[0.0,0.3,0.0],Tags:[\"fancy_it_no_spawner\"]},SpawnPotentials:[{Weight:1,Entity:{id:\"minecraft:piglin\",Size:4,Motion:[0.0,0.3,0.0],Tags:[\"fancy_it_no_spawner\"]}}]}}"
            }
          ]
        },
        {
          "type": "minecraft:item",
          "weight": 30,
          "name": "minecraft:blaze_spawn_egg",
          "functions": [
            {
              "function": "minecraft:set_count",
              "count": {
                "min": 1,
                "max": 2
              }
            },
            {
              "function": "minecraft:set_name",
              "entity": "this",
              "name": [{"text":"Blaze Spawn Egg","color":"dark_purple"}]
            },
            {
              "function": "minecraft:set_nbt",
              "tag": "{BlockEntityTag:{SpawnCount:4,SpawnRange:4,Delay:200,MinSpawnDelay:100,MaxSpawnDelay:300,MaxNearbyEntities:10,RequiredPlayerRange:10,SpawnData:{id:\"minecraft:blaze\",Motion:[0.0,0.3,0.0],Tags:[\"fancy_it_no_spawner\"]},SpawnPotentials:[{Weight:1,Entity:{id:\"minecraft:blaze\",Size:4,Motion:[0.0,0.3,0.0],Tags:[\"fancy_it_no_spawner\"]}}]}}"
            }
          ]
        },
        {
          "type": "minecraft:item",
          "weight": 30,
          "name": "minecraft:silverfish_spawn_egg",
          "functions": [
            {
              "function": "minecraft:set_count",
              "count": {
                "min": 1,
                "max": 2
              }
            },
            {
              "function": "minecraft:set_name",
              "entity": "this",
              "name": [{"text":"Silverfish Spawn Egg","color":"dark_purple"}]
            },
            {
              "function": "minecraft:set_nbt",
              "tag": "{BlockEntityTag:{SpawnCount:4,SpawnRange:4,Delay:200,MinSpawnDelay:100,MaxSpawnDelay:300,MaxNearbyEntities:10,RequiredPlayerRange:10,SpawnData:{id:\"minecraft:creeper\",Motion:[0.0,0.3,0.0],Tags:[\"fancy_it_no_spawner\"]},SpawnPotentials:[{Weight:1,Entity:{id:\"minecraft:creeper\",Size:4,Motion:[0.0,0.3,0.0],Tags:[\"fancy_it_no_spawner\"]}}]}}"
            }
          ]
        },
        {
          "type": "minecraft:item",
          "weight": 30,
          "name": "minecraft:evoker_spawn_egg",
          "functions": [
            {
              "function": "minecraft:set_count",
              "count": {
                "min": 1,
                "max": 2
              }
            },
            {
              "function": "minecraft:set_name",
              "entity": "this",
              "name": [{"text":"Evoker Spawn Egg","color":"dark_purple"}]
            },
            {
              "function": "minecraft:set_nbt",
              "tag": "{BlockEntityTag:{SpawnCount:4,SpawnRange:4,Delay:200,MinSpawnDelay:100,MaxSpawnDelay:300,MaxNearbyEntities:10,RequiredPlayerRange:10,SpawnData:{id:\"minecraft:evoker\",Motion:[0.0,0.3,0.0],Tags:[\"fancy_it_no_spawner\"]},SpawnPotentials:[{Weight:1,Entity:{id:\"minecraft:evoker\",Size:4,Motion:[0.0,0.3,0.0],Tags:[\"fancy_it_no_spawner\"]}}]}}"
            }
          ]
        },
        {
          "type": "minecraft:item",
          "weight": 30,
          "name": "minecraft:ghast_spawn_egg",
          "functions": [
            {
              "function": "minecraft:set_count",
              "count": {
                "min": 1,
                "max": 2
              }
            },
            {
              "function": "minecraft:set_name",
              "entity": "this",
              "name": [{"text":"Ghast Spawn Egg","color":"dark_purple"}]
            },
            {
              "function": "minecraft:set_nbt",
              "tag": "{BlockEntityTag:{SpawnCount:4,SpawnRange:4,Delay:200,MinSpawnDelay:100,MaxSpawnDelay:300,MaxNearbyEntities:10,RequiredPlayerRange:10,SpawnData:{id:\"minecraft:ghast\",Motion:[0.0,0.3,0.0],Tags:[\"fancy_it_no_spawner\"]},SpawnPotentials:[{Weight:1,Entity:{id:\"minecraft:ghast\",Size:4,Motion:[0.0,0.3,0.0],Tags:[\"fancy_it_no_spawner\"]}}]}}"
            }
          ]
        },
        {
          "type": "minecraft:item",
          "weight": 30,
          "name": "minecraft:guardian_spawn_egg",
          "functions": [
            {
              "function": "minecraft:set_count",
              "count": {
                "min": 1,
                "max": 2
              }
            },
            {
              "function": "minecraft:set_name",
              "entity": "this",
              "name": [{"text":"Guardian Spawn Egg","color":"dark_purple"}]
            },
            {
              "function": "minecraft:set_nbt",
              "tag": "{BlockEntityTag:{SpawnCount:4,SpawnRange:4,Delay:200,MinSpawnDelay:100,MaxSpawnDelay:300,MaxNearbyEntities:10,RequiredPlayerRange:10,SpawnData:{id:\"minecraft:guardian\",Motion:[0.0,0.3,0.0],Tags:[\"fancy_it_no_spawner\"]},SpawnPotentials:[{Weight:1,Entity:{id:\"minecraft:guardian\",Size:4,Motion:[0.0,0.3,0.0],Tags:[\"fancy_it_no_spawner\"]}}]}}"
            }
          ]
        },
        {
          "type": "minecraft:item",
          "weight": 30,
          "name": "minecraft:pillager_spawn_egg",
          "functions": [
            {
              "function": "minecraft:set_count",
              "count": {
                "min": 1,
                "max": 2
              }
            },
            {
              "function": "minecraft:set_name",
              "entity": "this",
              "name": [{"text":"Pillager Spawn Egg","color":"dark_purple"}]
            },
            {
              "function": "minecraft:set_nbt",
              "tag": "{BlockEntityTag:{SpawnCount:4,SpawnRange:4,Delay:200,MinSpawnDelay:100,MaxSpawnDelay:300,MaxNearbyEntities:10,RequiredPlayerRange:10,SpawnData:{id:\"minecraft:pillager\",Motion:[0.0,0.3,0.0],Tags:[\"fancy_it_no_spawner\"]},SpawnPotentials:[{Weight:1,Entity:{id:\"minecraft:pillager\",Size:4,Motion:[0.0,0.3,0.0],Tags:[\"fancy_it_no_spawner\"]}}]}}"
            }
          ]
        },
        {
          "type": "minecraft:item",
          "weight": 30,
          "name": "minecraft:shulker_spawn_egg",
          "functions": [
            {
              "function": "minecraft:set_count",
              "count": {
                "min": 1,
                "max": 2
              }
            },
            {
              "function": "minecraft:set_name",
              "entity": "this",
              "name": [{"text":"Shulker Spawn Egg","color":"dark_purple"}]
            },
            {
              "function": "minecraft:set_nbt",
              "tag": "{BlockEntityTag:{SpawnCount:4,SpawnRange:4,Delay:200,MinSpawnDelay:100,MaxSpawnDelay:300,MaxNearbyEntities:10,RequiredPlayerRange:10,SpawnData:{id:\"minecraft:shulker\",Motion:[0.0,0.3,0.0],Tags:[\"fancy_it_no_spawner\"]},SpawnPotentials:[{Weight:1,Entity:{id:\"minecraft:shulker\",Size:4,Motion:[0.0,0.3,0.0],Tags:[\"fancy_it_no_spawner\"]}}]}}"
            }
          ]
        },
        {
          "type": "minecraft:item",
          "weight": 30,
          "name": "minecraft:bat_spawn_egg",
          "functions": [
            {
              "function": "minecraft:set_count",
              "count": {
                "min": 1,
                "max": 2
              }
            },
            {
              "function": "minecraft:set_name",
              "entity": "this",
              "name": [{"text":"Bat Spawn Egg","color":"dark_purple"}]
            },
            {
              "function": "minecraft:set_nbt",
              "tag": "{BlockEntityTag:{SpawnCount:4,SpawnRange:4,Delay:200,MinSpawnDelay:100,MaxSpawnDelay:300,MaxNearbyEntities:10,RequiredPlayerRange:10,SpawnData:{id:\"minecraft:skeleton\",Motion:[0.0,0.3,0.0],Tags:[\"fancy_it_no_spawner\"]},SpawnPotentials:[{Weight:1,Entity:{id:\"minecraft:skeleton\",Size:4,Motion:[0.0,0.3,0.0],Tags:[\"fancy_it_no_spawner\"]}}]}}"
            }
          ]
        },
        {
          "type": "minecraft:item",
          "weight": 30,
          "name": "minecraft:slime_spawn_egg",
          "functions": [
            {
              "function": "minecraft:set_count",
              "count": {
                "min": 1,
                "max": 2
              }
            },
            {
              "function": "minecraft:set_name",
              "entity": "this",
              "name": [{"text":"Slime Spawn Egg","color":"dark_purple"}]
            },
            {
              "function": "minecraft:set_nbt",
              "tag": "{BlockEntityTag:{SpawnCount:4,SpawnRange:4,Delay:200,MinSpawnDelay:100,MaxSpawnDelay:300,MaxNearbyEntities:10,RequiredPlayerRange:10,SpawnData:{id:\"minecraft:slime\",Motion:[0.0,0.3,0.0],Tags:[\"fancy_it_no_spawner\"]},SpawnPotentials:[{Weight:1,Entity:{id:\"minecraft:slime\",Size:4,Motion:[0.0,0.3,0.0],Tags:[\"fancy_it_no_spawner\"]}}]}}"
            }
          ]
        },
        {
          "type": "minecraft:item",
          "weight": 30,
          "name": "minecraft:vindicator_spawn_egg",
          "functions": [
            {
              "function": "minecraft:set_count",
              "count": {
                "min": 1,
                "max": 2
              }
            },
            {
              "function": "minecraft:set_name",
              "entity": "this",
              "name": [{"text":"Vindicator Spawn Egg","color":"dark_purple"}]
            },
            {
              "function": "minecraft:set_nbt",
              "tag": "{BlockEntityTag:{SpawnCount:4,SpawnRange:4,Delay:200,MinSpawnDelay:100,MaxSpawnDelay:300,MaxNearbyEntities:10,RequiredPlayerRange:10,SpawnData:{id:\"minecraft:vindicator\",Motion:[0.0,0.3,0.0],Tags:[\"fancy_it_no_spawner\"]},SpawnPotentials:[{Weight:1,Entity:{id:\"minecraft:vindicator\",Size:4,Motion:[0.0,0.3,0.0],Tags:[\"fancy_it_no_spawner\"]}}]}}"
            }
          ]
        },
        {
          "type": "minecraft:item",
          "weight": 30,
          "name": "minecraft:dolphin_spawn_egg",
          "functions": [
            {
              "function": "minecraft:set_count",
              "count": {
                "min": 1,
                "max": 2
              }
            },
            {
              "function": "minecraft:set_name",
              "entity": "this",
              "name": [{"text":"Dolphin Spawn Egg","color":"dark_purple"}]
            },
            {
              "function": "minecraft:set_nbt",
              "tag": "{BlockEntityTag:{SpawnCount:4,SpawnRange:4,Delay:200,MinSpawnDelay:100,MaxSpawnDelay:300,MaxNearbyEntities:10,RequiredPlayerRange:10,SpawnData:{id:\"minecraft:wither_skeleton\",Motion:[0.0,0.3,0.0],Tags:[\"fancy_it_no_spawner\"]},SpawnPotentials:[{Weight:1,Entity:{id:\"minecraft:wither_skeleton\",Size:4,Motion:[0.0,0.3,0.0],Tags:[\"fancy_it_no_spawner\"]}}]}}"
            }
          ]
        },
        {
          "type": "minecraft:item",
          "weight": 30,
          "name": "minecraft:wandering_trader_spawn_egg",
          "functions": [
            {
              "function": "minecraft:set_count",
              "count": {
                "min": 1,
                "max": 2
              }
            },
            {
              "function": "minecraft:set_name",
              "entity": "this",
              "name": [{"text":"Wandering Trader Spawn Egg","color":"dark_purple"}]
            },
            {
              "function": "minecraft:set_nbt",
              "tag": "{BlockEntityTag:{SpawnCount:4,SpawnRange:4,Delay:200,MinSpawnDelay:100,MaxSpawnDelay:300,MaxNearbyEntities:10,RequiredPlayerRange:10,SpawnData:{id:\"minecraft:zombie\",Motion:[0.0,0.3,0.0],Tags:[\"fancy_it_no_spawner\"]},SpawnPotentials:[{Weight:1,Entity:{id:\"minecraft:zombie\",Size:4,Motion:[0.0,0.3,0.0],Tags:[\"fancy_it_no_spawner\"]}}]}}"
            }
          ]
        },
        {
          "type": "minecraft:item",
          "weight": 350,
          "name": "minecraft:white_wool",
          "functions": [
            {
              "function": "minecraft:set_count",
              "count": {
                "min": 1,
                "max": 17
              }
            }
          ]
        },
        {
          "type": "minecraft:item",
          "weight": 300,
          "name": "minecraft:jungle_leaves",
          "functions": [
            {
              "function": "minecraft:set_count",
              "count": {
                "min": 1,
                "max": 26
              }
            }
          ]
        },
        {
          "type": "minecraft:item",
          "weight": 250,
          "name": "minecraft:hay_block",
          "functions": [
            {
              "function": "minecraft:set_count",
              "count": {
                "min": 1,
                "max": 5
              }
            }
          ]
        },
        {
          "type": "minecraft:item",
          "weight": 200,
          "name": "minecraft:observer",
          "functions": [
            {
              "function": "minecraft:set_count",
              "count": {
                "min": 1,
                "max": 7
              }
            }
          ]
        },
        {
          "type": "minecraft:item",
          "weight": 230,
          "name": "minecraft:tnt",
          "functions": [
            {
              "function": "minecraft:set_count",
              "count": {
                "min": 1,
                "max": 9
              }
            }
          ]
        },
        {
          "type": "minecraft:item",
          "weight": 320,
          "name": "minecraft:bookshelf",
          "functions": [
            {
              "function": "minecraft:set_count",
              "count": {
                "min": 1,
                "max": 6
              }
            }
          ]
        },
        {
          "type": "minecraft:item",
          "weight": 260,
          "name": "minecraft:dispenser",
          "functions": [
            {
              "function": "minecraft:set_count",
              "count": {
                "min": 1,
                "max": 5
              }
            }
          ]
        },
        {
          "type": "minecraft:item",
          "weight": 300,
          "name": "minecraft:piston",
          "functions": [
            {
              "function": "minecraft:set_count",
              "count": {
                "min": 1,
                "max": 4
              }
            }
          ]
        },
        {
          "type": "minecraft:item",
          "weight": 280,
          "name": "minecraft:light_blue_glazed_terracotta",
          "functions": [
            {
              "function": "minecraft:set_count",
              "count": {
                "min": 1,
                "max": 18
              }
            }
          ]
        },
        {
          "type": "minecraft:item",
          "weight": 400,
          "name": "minecraft:end_stone",
          "functions": [
            {
              "function": "minecraft:set_count",
              "count": {
                "min": 1,
                "max": 23
              }
            }
          ]
        },
        {
          "type": "minecraft:item",
          "weight": 700,
          "name": "minecraft:jungle_planks",
          "functions": [
            {
              "function": "minecraft:set_count",
              "count": {
                "min": 1,
                "max": 25
              }
            }
          ]
        }
      ]
    }
  ]
}