{
  "pools": [
    {
      "rolls": 1,
      "entries": [
        {
          "type": "minecraft:item",
          "weight": 200,
          "quality": 1,
          "name": "minecraft:white_concrete",
          "functions": [
            {
              "function": "minecraft:set_nbt",
              "tag": "{PickupDelay:20000s,Tags:[fancy_it_random_ench]}"
            }
          ]
        },
        {
          "type": "minecraft:item",
          "weight": 200,
          "quality": 1,
          "name": "minecraft:orange_concrete",
          "functions": [
            {
              "function": "minecraft:set_nbt",
              "tag": "{PickupDelay:20000s,Tags:[fancy_it_random_ench]}"
            }
          ]
        },
		{
          "type": "minecraft:item",
          "weight": 200,
          "quality": 1,
          "name": "minecraft:magenta_concrete",
          "functions": [
            {
              "function": "minecraft:set_nbt",
              "tag": "{PickupDelay:20000s,Tags:[fancy_it_random_ench]}"
            }
          ]
        },
		{
          "type": "minecraft:item",
          "weight": 200,
          "quality": 1,
          "name": "minecraft:light_blue_concrete",
          "functions": [
            {
              "function": "minecraft:set_nbt",
              "tag": "{PickupDelay:20000s,Tags:[fancy_it_random_ench]}"
            }
          ]
        },
		{
          "type": "minecraft:item",
          "weight": 50,
          "quality": 1,
          "name": "minecraft:yellow_concrete",
          "functions": [
            {
              "function": "minecraft:set_nbt",
              "tag": "{PickupDelay:20000s,Tags:[fancy_it_random_ench],Enchantments:[{id:\"minecraft:sharpness\",lvl:10s}]}"
            }
          ]
        },
		{
          "type": "minecraft:item",
          "weight": 60,
          "quality": 1,
          "name": "minecraft:yellow_concrete",
          "functions": [
            {
              "function": "minecraft:set_nbt",
              "tag": "{PickupDelay:20000s,Tags:[fancy_it_random_ench],Enchantments:[{id:\"minecraft:sharpness\",lvl:9s}]}"
            }
          ]
        },
		{
          "type": "minecraft:item",
          "weight": 70,
          "quality": 1,
          "name": "minecraft:yellow_concrete",
          "functions": [
            {
              "function": "minecraft:set_nbt",
              "tag": "{PickupDelay:20000s,Tags:[fancy_it_random_ench],Enchantments:[{id:\"minecraft:sharpness\",lvl:8s}]}"
            }
          ]
        },
		{
          "type": "minecraft:item",
          "weight": 80,
          "quality": 1,
          "name": "minecraft:yellow_concrete",
          "functions": [
            {
              "function": "minecraft:set_nbt",
              "tag": "{PickupDelay:20000s,Tags:[fancy_it_random_ench],Enchantments:[{id:\"minecraft:sharpness\",lvl:6s}]}"
            }
          ]
        },
		{
          "type": "minecraft:item",
          "weight": 90,
          "quality": 1,
          "name": "minecraft:yellow_concrete",
          "functions": [
            {
              "function": "minecraft:set_nbt",
              "tag": "{PickupDelay:20000s,Tags:[fancy_it_random_ench],Enchantments:[{id:\"minecraft:sharpness\",lvl:5s}]}"
            }
          ]
        },
		{
          "type": "minecraft:item",
          "weight": 100,
          "quality": 1,
          "name": "minecraft:yellow_concrete",
          "functions": [
            {
              "function": "minecraft:set_nbt",
              "tag": "{PickupDelay:20000s,Tags:[fancy_it_random_ench],Enchantments:[{id:\"minecraft:sharpness\",lvl:4s}]}"
            }
          ]
        },
		{
          "type": "minecraft:item",
          "weight": 110,
          "quality": 1,
          "name": "minecraft:yellow_concrete",
          "functions": [
            {
              "function": "minecraft:set_nbt",
              "tag": "{PickupDelay:20000s,Tags:[fancy_it_random_ench],Enchantments:[{id:\"minecraft:sharpness\",lvl:3s}]}"
            }
          ]
        },
		{
          "type": "minecraft:item",
          "weight": 120,
          "quality": 1,
          "name": "minecraft:yellow_concrete",
          "functions": [
            {
              "function": "minecraft:set_nbt",
              "tag": "{PickupDelay:20000s,Tags:[fancy_it_random_ench],Enchantments:[{id:\"minecraft:sharpness\",lvl:2s}]}"
            }
          ]
        },
		{
          "type": "minecraft:item",
          "weight": 130,
          "quality": 1,
          "name": "minecraft:yellow_concrete",
          "functions": [
            {
              "function": "minecraft:set_nbt",
              "tag": "{PickupDelay:20000s,Tags:[fancy_it_random_ench],Enchantments:[{id:\"minecraft:sharpness\",lvl:1s}]}"
            }
          ]
        },
		{
          "type": "minecraft:item",
          "weight": 50,
          "quality": 1,
          "name": "minecraft:yellow_concrete",
          "functions": [
            {
              "function": "minecraft:set_nbt",
              "tag": "{PickupDelay:20000s,Tags:[fancy_it_random_ench],Enchantments:[{id:\"minecraft:protection\",lvl:10s}]}"
            }
          ]
        },
		{
          "type": "minecraft:item",
          "weight": 60,
          "quality": 1,
          "name": "minecraft:yellow_concrete",
          "functions": [
            {
              "function": "minecraft:set_nbt",
              "tag": "{PickupDelay:20000s,Tags:[fancy_it_random_ench],Enchantments:[{id:\"minecraft:protection\",lvl:9s}]}"
            }
          ]
        },
		{
          "type": "minecraft:item",
          "weight": 70,
          "quality": 1,
          "name": "minecraft:yellow_concrete",
          "functions": [
            {
              "function": "minecraft:set_nbt",
              "tag": "{PickupDelay:20000s,Tags:[fancy_it_random_ench],Enchantments:[{id:\"minecraft:protection\",lvl:8s}]}"
            }
          ]
        },
		{
          "type": "minecraft:item",
          "weight": 80,
          "quality": 1,
          "name": "minecraft:yellow_concrete",
          "functions": [
            {
              "function": "minecraft:set_nbt",
              "tag": "{PickupDelay:20000s,Tags:[fancy_it_random_ench],Enchantments:[{id:\"minecraft:protection\",lvl:6s}]}"
            }
          ]
        },
		{
          "type": "minecraft:item",
          "weight": 90,
          "quality": 1,
          "name": "minecraft:yellow_concrete",
          "functions": [
            {
              "function": "minecraft:set_nbt",
              "tag": "{PickupDelay:20000s,Tags:[fancy_it_random_ench],Enchantments:[{id:\"minecraft:protection\",lvl:5s}]}"
            }
          ]
        },
		{
          "type": "minecraft:item",
          "weight": 100,
          "quality": 1,
          "name": "minecraft:yellow_concrete",
          "functions": [
            {
              "function": "minecraft:set_nbt",
              "tag": "{PickupDelay:20000s,Tags:[fancy_it_random_ench],Enchantments:[{id:\"minecraft:protection\",lvl:4s}]}"
            }
          ]
        },
		{
          "type": "minecraft:item",
          "weight": 110,
          "quality": 1,
          "name": "minecraft:yellow_concrete",
          "functions": [
            {
              "function": "minecraft:set_nbt",
              "tag": "{PickupDelay:20000s,Tags:[fancy_it_random_ench],Enchantments:[{id:\"minecraft:protection\",lvl:3s}]}"
            }
          ]
        },
		{
          "type": "minecraft:item",
          "weight": 120,
          "quality": 1,
          "name": "minecraft:yellow_concrete",
          "functions": [
            {
              "function": "minecraft:set_nbt",
              "tag": "{PickupDelay:20000s,Tags:[fancy_it_random_ench],Enchantments:[{id:\"minecraft:protection\",lvl:2s}]}"
            }
          ]
        },
		{
          "type": "minecraft:item",
          "weight": 130,
          "quality": 1,
          "name": "minecraft:yellow_concrete",
          "functions": [
            {
              "function": "minecraft:set_nbt",
              "tag": "{PickupDelay:20000s,Tags:[fancy_it_random_ench],Enchantments:[{id:\"minecraft:protection\",lvl:1s}]}"
            }
          ]
        },
		{
          "type": "minecraft:item",
          "weight": 50,
          "quality": 1,
          "name": "minecraft:yellow_concrete",
          "functions": [
            {
              "function": "minecraft:set_nbt",
              "tag": "{PickupDelay:20000s,Tags:[fancy_it_random_ench],Enchantments:[{id:\"minecraft:knockback\",lvl:10s}]}"
            }
          ]
        },
		{
          "type": "minecraft:item",
          "weight": 60,
          "quality": 1,
          "name": "minecraft:yellow_concrete",
          "functions": [
            {
              "function": "minecraft:set_nbt",
              "tag": "{PickupDelay:20000s,Tags:[fancy_it_random_ench],Enchantments:[{id:\"minecraft:knockback\",lvl:9s}]}"
            }
          ]
        },
		{
          "type": "minecraft:item",
          "weight": 70,
          "quality": 1,
          "name": "minecraft:yellow_concrete",
          "functions": [
            {
              "function": "minecraft:set_nbt",
              "tag": "{PickupDelay:20000s,Tags:[fancy_it_random_ench],Enchantments:[{id:\"minecraft:knockback\",lvl:8s}]}"
            }
          ]
        },
		{
          "type": "minecraft:item",
          "weight": 80,
          "quality": 1,
          "name": "minecraft:yellow_concrete",
          "functions": [
            {
              "function": "minecraft:set_nbt",
              "tag": "{PickupDelay:20000s,Tags:[fancy_it_random_ench],Enchantments:[{id:\"minecraft:knockback\",lvl:6s}]}"
            }
          ]
        },
		{
          "type": "minecraft:item",
          "weight": 90,
          "quality": 1,
          "name": "minecraft:yellow_concrete",
          "functions": [
            {
              "function": "minecraft:set_nbt",
              "tag": "{PickupDelay:20000s,Tags:[fancy_it_random_ench],Enchantments:[{id:\"minecraft:knockback\",lvl:5s}]}"
            }
          ]
        },
		{
          "type": "minecraft:item",
          "weight": 100,
          "quality": 1,
          "name": "minecraft:yellow_concrete",
          "functions": [
            {
              "function": "minecraft:set_nbt",
              "tag": "{PickupDelay:20000s,Tags:[fancy_it_random_ench],Enchantments:[{id:\"minecraft:knockback\",lvl:4s}]}"
            }
          ]
        },
		{
          "type": "minecraft:item",
          "weight": 110,
          "quality": 1,
          "name": "minecraft:yellow_concrete",
          "functions": [
            {
              "function": "minecraft:set_nbt",
              "tag": "{PickupDelay:20000s,Tags:[fancy_it_random_ench],Enchantments:[{id:\"minecraft:knockback\",lvl:3s}]}"
            }
          ]
        },
		{
          "type": "minecraft:item",
          "weight": 120,
          "quality": 1,
          "name": "minecraft:yellow_concrete",
          "functions": [
            {
              "function": "minecraft:set_nbt",
              "tag": "{PickupDelay:20000s,Tags:[fancy_it_random_ench],Enchantments:[{id:\"minecraft:knockback\",lvl:2s}]}"
            }
          ]
        },
		{
          "type": "minecraft:item",
          "weight": 130,
          "quality": 1,
          "name": "minecraft:yellow_concrete",
          "functions": [
            {
              "function": "minecraft:set_nbt",
              "tag": "{PickupDelay:20000s,Tags:[fancy_it_random_ench],Enchantments:[{id:\"minecraft:knockback\",lvl:1s}]}"
            }
          ]
        },
		{
          "type": "minecraft:item",
          "weight": 50,
          "quality": 1,
          "name": "minecraft:yellow_concrete",
          "functions": [
            {
              "function": "minecraft:set_nbt",
              "tag": "{PickupDelay:20000s,Tags:[fancy_it_random_ench],Enchantments:[{id:\"minecraft:depth_strider\",lvl:10s}]}"
            }
          ]
        },
		{
          "type": "minecraft:item",
          "weight": 60,
          "quality": 1,
          "name": "minecraft:yellow_concrete",
          "functions": [
            {
              "function": "minecraft:set_nbt",
              "tag": "{PickupDelay:20000s,Tags:[fancy_it_random_ench],Enchantments:[{id:\"minecraft:depth_strider\",lvl:9s}]}"
            }
          ]
        },
		{
          "type": "minecraft:item",
          "weight": 70,
          "quality": 1,
          "name": "minecraft:yellow_concrete",
          "functions": [
            {
              "function": "minecraft:set_nbt",
              "tag": "{PickupDelay:20000s,Tags:[fancy_it_random_ench],Enchantments:[{id:\"minecraft:depth_strider\",lvl:8s}]}"
            }
          ]
        },
		{
          "type": "minecraft:item",
          "weight": 80,
          "quality": 1,
          "name": "minecraft:yellow_concrete",
          "functions": [
            {
              "function": "minecraft:set_nbt",
              "tag": "{PickupDelay:20000s,Tags:[fancy_it_random_ench],Enchantments:[{id:\"minecraft:depth_strider\",lvl:6s}]}"
            }
          ]
        },
		{
          "type": "minecraft:item",
          "weight": 90,
          "quality": 1,
          "name": "minecraft:yellow_concrete",
          "functions": [
            {
              "function": "minecraft:set_nbt",
              "tag": "{PickupDelay:20000s,Tags:[fancy_it_random_ench],Enchantments:[{id:\"minecraft:depth_strider\",lvl:5s}]}"
            }
          ]
        },
		{
          "type": "minecraft:item",
          "weight": 100,
          "quality": 1,
          "name": "minecraft:yellow_concrete",
          "functions": [
            {
              "function": "minecraft:set_nbt",
              "tag": "{PickupDelay:20000s,Tags:[fancy_it_random_ench],Enchantments:[{id:\"minecraft:depth_strider\",lvl:4s}]}"
            }
          ]
        },
		{
          "type": "minecraft:item",
          "weight": 110,
          "quality": 1,
          "name": "minecraft:yellow_concrete",
          "functions": [
            {
              "function": "minecraft:set_nbt",
              "tag": "{PickupDelay:20000s,Tags:[fancy_it_random_ench],Enchantments:[{id:\"minecraft:depth_strider\",lvl:3s}]}"
            }
          ]
        },
		{
          "type": "minecraft:item",
          "weight": 120,
          "quality": 1,
          "name": "minecraft:yellow_concrete",
          "functions": [
            {
              "function": "minecraft:set_nbt",
              "tag": "{PickupDelay:20000s,Tags:[fancy_it_random_ench],Enchantments:[{id:\"minecraft:depth_strider\",lvl:2s}]}"
            }
          ]
        },
		{
          "type": "minecraft:item",
          "weight": 130,
          "quality": 1,
          "name": "minecraft:yellow_concrete",
          "functions": [
            {
              "function": "minecraft:set_nbt",
              "tag": "{PickupDelay:20000s,Tags:[fancy_it_random_ench],Enchantments:[{id:\"minecraft:depth_strider\",lvl:1s}]}"
            }
          ]
        },
		{
          "type": "minecraft:item",
          "weight": 50,
          "quality": 1,
          "name": "minecraft:yellow_concrete",
          "functions": [
            {
              "function": "minecraft:set_nbt",
              "tag": "{PickupDelay:20000s,Tags:[fancy_it_random_ench],Enchantments:[{id:\"minecraft:feather_falling\",lvl:10s}]}"
            }
          ]
        },
		{
          "type": "minecraft:item",
          "weight": 60,
          "quality": 1,
          "name": "minecraft:yellow_concrete",
          "functions": [
            {
              "function": "minecraft:set_nbt",
              "tag": "{PickupDelay:20000s,Tags:[fancy_it_random_ench],Enchantments:[{id:\"minecraft:feather_falling\",lvl:9s}]}"
            }
          ]
        },
		{
          "type": "minecraft:item",
          "weight": 70,
          "quality": 1,
          "name": "minecraft:yellow_concrete",
          "functions": [
            {
              "function": "minecraft:set_nbt",
              "tag": "{PickupDelay:20000s,Tags:[fancy_it_random_ench],Enchantments:[{id:\"minecraft:feather_falling\",lvl:8s}]}"
            }
          ]
        },
		{
          "type": "minecraft:item",
          "weight": 80,
          "quality": 1,
          "name": "minecraft:yellow_concrete",
          "functions": [
            {
              "function": "minecraft:set_nbt",
              "tag": "{PickupDelay:20000s,Tags:[fancy_it_random_ench],Enchantments:[{id:\"minecraft:feather_falling\",lvl:6s}]}"
            }
          ]
        },
		{
          "type": "minecraft:item",
          "weight": 90,
          "quality": 1,
          "name": "minecraft:yellow_concrete",
          "functions": [
            {
              "function": "minecraft:set_nbt",
              "tag": "{PickupDelay:20000s,Tags:[fancy_it_random_ench],Enchantments:[{id:\"minecraft:feather_falling\",lvl:5s}]}"
            }
          ]
        },
		{
          "type": "minecraft:item",
          "weight": 100,
          "quality": 1,
          "name": "minecraft:yellow_concrete",
          "functions": [
            {
              "function": "minecraft:set_nbt",
              "tag": "{PickupDelay:20000s,Tags:[fancy_it_random_ench],Enchantments:[{id:\"minecraft:feather_falling\",lvl:4s}]}"
            }
          ]
        },
		{
          "type": "minecraft:item",
          "weight": 110,
          "quality": 1,
          "name": "minecraft:yellow_concrete",
          "functions": [
            {
              "function": "minecraft:set_nbt",
              "tag": "{PickupDelay:20000s,Tags:[fancy_it_random_ench],Enchantments:[{id:\"minecraft:feather_falling\",lvl:3s}]}"
            }
          ]
        },
		{
          "type": "minecraft:item",
          "weight": 120,
          "quality": 1,
          "name": "minecraft:yellow_concrete",
          "functions": [
            {
              "function": "minecraft:set_nbt",
              "tag": "{PickupDelay:20000s,Tags:[fancy_it_random_ench],Enchantments:[{id:\"minecraft:feather_falling\",lvl:2s}]}"
            }
          ]
        },
		{
          "type": "minecraft:item",
          "weight": 130,
          "quality": 1,
          "name": "minecraft:yellow_concrete",
          "functions": [
            {
              "function": "minecraft:set_nbt",
              "tag": "{PickupDelay:20000s,Tags:[fancy_it_random_ench],Enchantments:[{id:\"minecraft:feather_falling\",lvl:1s}]}"
            }
          ]
        },
		{
          "type": "minecraft:item",
          "weight": 50,
          "quality": 1,
          "name": "minecraft:yellow_concrete",
          "functions": [
            {
              "function": "minecraft:set_nbt",
              "tag": "{PickupDelay:20000s,Tags:[fancy_it_random_ench],Enchantments:[{id:\"minecraft:thorns\",lvl:10s}]}"
            }
          ]
        },
		{
          "type": "minecraft:item",
          "weight": 60,
          "quality": 1,
          "name": "minecraft:yellow_concrete",
          "functions": [
            {
              "function": "minecraft:set_nbt",
              "tag": "{PickupDelay:20000s,Tags:[fancy_it_random_ench],Enchantments:[{id:\"minecraft:thorns\",lvl:9s}]}"
            }
          ]
        },
		{
          "type": "minecraft:item",
          "weight": 70,
          "quality": 1,
          "name": "minecraft:yellow_concrete",
          "functions": [
            {
              "function": "minecraft:set_nbt",
              "tag": "{PickupDelay:20000s,Tags:[fancy_it_random_ench],Enchantments:[{id:\"minecraft:thorns\",lvl:8s}]}"
            }
          ]
        },
		{
          "type": "minecraft:item",
          "weight": 80,
          "quality": 1,
          "name": "minecraft:yellow_concrete",
          "functions": [
            {
              "function": "minecraft:set_nbt",
              "tag": "{PickupDelay:20000s,Tags:[fancy_it_random_ench],Enchantments:[{id:\"minecraft:thorns\",lvl:6s}]}"
            }
          ]
        },
		{
          "type": "minecraft:item",
          "weight": 90,
          "quality": 1,
          "name": "minecraft:yellow_concrete",
          "functions": [
            {
              "function": "minecraft:set_nbt",
              "tag": "{PickupDelay:20000s,Tags:[fancy_it_random_ench],Enchantments:[{id:\"minecraft:thorns\",lvl:5s}]}"
            }
          ]
        },
		{
          "type": "minecraft:item",
          "weight": 100,
          "quality": 1,
          "name": "minecraft:yellow_concrete",
          "functions": [
            {
              "function": "minecraft:set_nbt",
              "tag": "{PickupDelay:20000s,Tags:[fancy_it_random_ench],Enchantments:[{id:\"minecraft:thorns\",lvl:4s}]}"
            }
          ]
        },
		{
          "type": "minecraft:item",
          "weight": 110,
          "quality": 1,
          "name": "minecraft:yellow_concrete",
          "functions": [
            {
              "function": "minecraft:set_nbt",
              "tag": "{PickupDelay:20000s,Tags:[fancy_it_random_ench],Enchantments:[{id:\"minecraft:thorns\",lvl:3s}]}"
            }
          ]
        },
		{
          "type": "minecraft:item",
          "weight": 120,
          "quality": 1,
          "name": "minecraft:yellow_concrete",
          "functions": [
            {
              "function": "minecraft:set_nbt",
              "tag": "{PickupDelay:20000s,Tags:[fancy_it_random_ench],Enchantments:[{id:\"minecraft:thorns\",lvl:2s}]}"
            }
          ]
        },
		{
          "type": "minecraft:item",
          "weight": 130,
          "quality": 1,
          "name": "minecraft:yellow_concrete",
          "functions": [
            {
              "function": "minecraft:set_nbt",
              "tag": "{PickupDelay:20000s,Tags:[fancy_it_random_ench],Enchantments:[{id:\"minecraft:thorns\",lvl:1s}]}"
            }
          ]
        },
		{
          "type": "minecraft:item",
          "weight": 50,
          "quality": 1,
          "name": "minecraft:yellow_concrete",
          "functions": [
            {
              "function": "minecraft:set_nbt",
              "tag": "{PickupDelay:20000s,Tags:[fancy_it_random_ench],Enchantments:[{id:\"minecraft:soul_speed\",lvl:10s}]}"
            }
          ]
        },
		{
          "type": "minecraft:item",
          "weight": 60,
          "quality": 1,
          "name": "minecraft:yellow_concrete",
          "functions": [
            {
              "function": "minecraft:set_nbt",
              "tag": "{PickupDelay:20000s,Tags:[fancy_it_random_ench],Enchantments:[{id:\"minecraft:soul_speed\",lvl:9s}]}"
            }
          ]
        },
		{
          "type": "minecraft:item",
          "weight": 70,
          "quality": 1,
          "name": "minecraft:yellow_concrete",
          "functions": [
            {
              "function": "minecraft:set_nbt",
              "tag": "{PickupDelay:20000s,Tags:[fancy_it_random_ench],Enchantments:[{id:\"minecraft:soul_speed\",lvl:8s}]}"
            }
          ]
        },
		{
          "type": "minecraft:item",
          "weight": 80,
          "quality": 1,
          "name": "minecraft:yellow_concrete",
          "functions": [
            {
              "function": "minecraft:set_nbt",
              "tag": "{PickupDelay:20000s,Tags:[fancy_it_random_ench],Enchantments:[{id:\"minecraft:soul_speed\",lvl:6s}]}"
            }
          ]
        },
		{
          "type": "minecraft:item",
          "weight": 90,
          "quality": 1,
          "name": "minecraft:yellow_concrete",
          "functions": [
            {
              "function": "minecraft:set_nbt",
              "tag": "{PickupDelay:20000s,Tags:[fancy_it_random_ench],Enchantments:[{id:\"minecraft:soul_speed\",lvl:5s}]}"
            }
          ]
        },
		{
          "type": "minecraft:item",
          "weight": 100,
          "quality": 1,
          "name": "minecraft:yellow_concrete",
          "functions": [
            {
              "function": "minecraft:set_nbt",
              "tag": "{PickupDelay:20000s,Tags:[fancy_it_random_ench],Enchantments:[{id:\"minecraft:soul_speed\",lvl:4s}]}"
            }
          ]
        },
		{
          "type": "minecraft:item",
          "weight": 110,
          "quality": 1,
          "name": "minecraft:yellow_concrete",
          "functions": [
            {
              "function": "minecraft:set_nbt",
              "tag": "{PickupDelay:20000s,Tags:[fancy_it_random_ench],Enchantments:[{id:\"minecraft:soul_speed\",lvl:3s}]}"
            }
          ]
        },
		{
          "type": "minecraft:item",
          "weight": 120,
          "quality": 1,
          "name": "minecraft:yellow_concrete",
          "functions": [
            {
              "function": "minecraft:set_nbt",
              "tag": "{PickupDelay:20000s,Tags:[fancy_it_random_ench],Enchantments:[{id:\"minecraft:soul_speed\",lvl:2s}]}"
            }
          ]
        },
		{
          "type": "minecraft:item",
          "weight": 130,
          "quality": 1,
          "name": "minecraft:yellow_concrete",
          "functions": [
            {
              "function": "minecraft:set_nbt",
              "tag": "{PickupDelay:20000s,Tags:[fancy_it_random_ench],Enchantments:[{id:\"minecraft:soul_speed\",lvl:1s}]}"
            }
          ]
        },
		{
          "type": "minecraft:item",
          "weight": 50,
          "quality": 1,
          "name": "minecraft:yellow_concrete",
          "functions": [
            {
              "function": "minecraft:set_nbt",
              "tag": "{PickupDelay:20000s,Tags:[fancy_it_random_ench],Enchantments:[{id:\"minecraft:smite\",lvl:10s}]}"
            }
          ]
        },
		{
          "type": "minecraft:item",
          "weight": 60,
          "quality": 1,
          "name": "minecraft:yellow_concrete",
          "functions": [
            {
              "function": "minecraft:set_nbt",
              "tag": "{PickupDelay:20000s,Tags:[fancy_it_random_ench],Enchantments:[{id:\"minecraft:smite\",lvl:9s}]}"
            }
          ]
        },
		{
          "type": "minecraft:item",
          "weight": 70,
          "quality": 1,
          "name": "minecraft:yellow_concrete",
          "functions": [
            {
              "function": "minecraft:set_nbt",
              "tag": "{PickupDelay:20000s,Tags:[fancy_it_random_ench],Enchantments:[{id:\"minecraft:smite\",lvl:8s}]}"
            }
          ]
        },
		{
          "type": "minecraft:item",
          "weight": 80,
          "quality": 1,
          "name": "minecraft:yellow_concrete",
          "functions": [
            {
              "function": "minecraft:set_nbt",
              "tag": "{PickupDelay:20000s,Tags:[fancy_it_random_ench],Enchantments:[{id:\"minecraft:smite\",lvl:6s}]}"
            }
          ]
        },
		{
          "type": "minecraft:item",
          "weight": 90,
          "quality": 1,
          "name": "minecraft:yellow_concrete",
          "functions": [
            {
              "function": "minecraft:set_nbt",
              "tag": "{PickupDelay:20000s,Tags:[fancy_it_random_ench],Enchantments:[{id:\"minecraft:smite\",lvl:5s}]}"
            }
          ]
        },
		{
          "type": "minecraft:item",
          "weight": 100,
          "quality": 1,
          "name": "minecraft:yellow_concrete",
          "functions": [
            {
              "function": "minecraft:set_nbt",
              "tag": "{PickupDelay:20000s,Tags:[fancy_it_random_ench],Enchantments:[{id:\"minecraft:smite\",lvl:4s}]}"
            }
          ]
        },
		{
          "type": "minecraft:item",
          "weight": 110,
          "quality": 1,
          "name": "minecraft:yellow_concrete",
          "functions": [
            {
              "function": "minecraft:set_nbt",
              "tag": "{PickupDelay:20000s,Tags:[fancy_it_random_ench],Enchantments:[{id:\"minecraft:smite\",lvl:3s}]}"
            }
          ]
        },
		{
          "type": "minecraft:item",
          "weight": 120,
          "quality": 1,
          "name": "minecraft:yellow_concrete",
          "functions": [
            {
              "function": "minecraft:set_nbt",
              "tag": "{PickupDelay:20000s,Tags:[fancy_it_random_ench],Enchantments:[{id:\"minecraft:smite\",lvl:2s}]}"
            }
          ]
        },
		{
          "type": "minecraft:item",
          "weight": 130,
          "quality": 1,
          "name": "minecraft:yellow_concrete",
          "functions": [
            {
              "function": "minecraft:set_nbt",
              "tag": "{PickupDelay:20000s,Tags:[fancy_it_random_ench],Enchantments:[{id:\"minecraft:smite\",lvl:1s}]}"
            }
          ]
        },
		{
          "type": "minecraft:item",
          "weight": 50,
          "quality": 1,
          "name": "minecraft:yellow_concrete",
          "functions": [
            {
              "function": "minecraft:set_nbt",
              "tag": "{PickupDelay:20000s,Tags:[fancy_it_random_ench],Enchantments:[{id:\"minecraft:bane_of_arthropods\",lvl:10s}]}"
            }
          ]
        },
		{
          "type": "minecraft:item",
          "weight": 60,
          "quality": 1,
          "name": "minecraft:yellow_concrete",
          "functions": [
            {
              "function": "minecraft:set_nbt",
              "tag": "{PickupDelay:20000s,Tags:[fancy_it_random_ench],Enchantments:[{id:\"minecraft:bane_of_arthropods\",lvl:9s}]}"
            }
          ]
        },
		{
          "type": "minecraft:item",
          "weight": 70,
          "quality": 1,
          "name": "minecraft:yellow_concrete",
          "functions": [
            {
              "function": "minecraft:set_nbt",
              "tag": "{PickupDelay:20000s,Tags:[fancy_it_random_ench],Enchantments:[{id:\"minecraft:bane_of_arthropods\",lvl:8s}]}"
            }
          ]
        },
		{
          "type": "minecraft:item",
          "weight": 80,
          "quality": 1,
          "name": "minecraft:yellow_concrete",
          "functions": [
            {
              "function": "minecraft:set_nbt",
              "tag": "{PickupDelay:20000s,Tags:[fancy_it_random_ench],Enchantments:[{id:\"minecraft:bane_of_arthropods\",lvl:6s}]}"
            }
          ]
        },
		{
          "type": "minecraft:item",
          "weight": 90,
          "quality": 1,
          "name": "minecraft:yellow_concrete",
          "functions": [
            {
              "function": "minecraft:set_nbt",
              "tag": "{PickupDelay:20000s,Tags:[fancy_it_random_ench],Enchantments:[{id:\"minecraft:bane_of_arthropods\",lvl:5s}]}"
            }
          ]
        },
		{
          "type": "minecraft:item",
          "weight": 100,
          "quality": 1,
          "name": "minecraft:yellow_concrete",
          "functions": [
            {
              "function": "minecraft:set_nbt",
              "tag": "{PickupDelay:20000s,Tags:[fancy_it_random_ench],Enchantments:[{id:\"minecraft:bane_of_arthropods\",lvl:4s}]}"
            }
          ]
        },
		{
          "type": "minecraft:item",
          "weight": 110,
          "quality": 1,
          "name": "minecraft:yellow_concrete",
          "functions": [
            {
              "function": "minecraft:set_nbt",
              "tag": "{PickupDelay:20000s,Tags:[fancy_it_random_ench],Enchantments:[{id:\"minecraft:bane_of_arthropods\",lvl:3s}]}"
            }
          ]
        },
		{
          "type": "minecraft:item",
          "weight": 120,
          "quality": 1,
          "name": "minecraft:yellow_concrete",
          "functions": [
            {
              "function": "minecraft:set_nbt",
              "tag": "{PickupDelay:20000s,Tags:[fancy_it_random_ench],Enchantments:[{id:\"minecraft:bane_of_arthropods\",lvl:2s}]}"
            }
          ]
        },
		{
          "type": "minecraft:item",
          "weight": 130,
          "quality": 1,
          "name": "minecraft:yellow_concrete",
          "functions": [
            {
              "function": "minecraft:set_nbt",
              "tag": "{PickupDelay:20000s,Tags:[fancy_it_random_ench],Enchantments:[{id:\"minecraft:bane_of_arthropods\",lvl:1s}]}"
            }
          ]
        },
		{
          "type": "minecraft:item",
          "weight": 50,
          "quality": 1,
          "name": "minecraft:yellow_concrete",
          "functions": [
            {
              "function": "minecraft:set_nbt",
              "tag": "{PickupDelay:20000s,Tags:[fancy_it_random_ench],Enchantments:[{id:\"minecraft:piercing\",lvl:10s}]}"
            }
          ]
        },
		{
          "type": "minecraft:item",
          "weight": 60,
          "quality": 1,
          "name": "minecraft:yellow_concrete",
          "functions": [
            {
              "function": "minecraft:set_nbt",
              "tag": "{PickupDelay:20000s,Tags:[fancy_it_random_ench],Enchantments:[{id:\"minecraft:piercing\",lvl:9s}]}"
            }
          ]
        },
		{
          "type": "minecraft:item",
          "weight": 70,
          "quality": 1,
          "name": "minecraft:yellow_concrete",
          "functions": [
            {
              "function": "minecraft:set_nbt",
              "tag": "{PickupDelay:20000s,Tags:[fancy_it_random_ench],Enchantments:[{id:\"minecraft:piercing\",lvl:8s}]}"
            }
          ]
        },
		{
          "type": "minecraft:item",
          "weight": 80,
          "quality": 1,
          "name": "minecraft:yellow_concrete",
          "functions": [
            {
              "function": "minecraft:set_nbt",
              "tag": "{PickupDelay:20000s,Tags:[fancy_it_random_ench],Enchantments:[{id:\"minecraft:piercing\",lvl:6s}]}"
            }
          ]
        },
		{
          "type": "minecraft:item",
          "weight": 90,
          "quality": 1,
          "name": "minecraft:yellow_concrete",
          "functions": [
            {
              "function": "minecraft:set_nbt",
              "tag": "{PickupDelay:20000s,Tags:[fancy_it_random_ench],Enchantments:[{id:\"minecraft:piercing\",lvl:5s}]}"
            }
          ]
        },
		{
          "type": "minecraft:item",
          "weight": 100,
          "quality": 1,
          "name": "minecraft:yellow_concrete",
          "functions": [
            {
              "function": "minecraft:set_nbt",
              "tag": "{PickupDelay:20000s,Tags:[fancy_it_random_ench],Enchantments:[{id:\"minecraft:piercing\",lvl:4s}]}"
            }
          ]
        },
		{
          "type": "minecraft:item",
          "weight": 110,
          "quality": 1,
          "name": "minecraft:yellow_concrete",
          "functions": [
            {
              "function": "minecraft:set_nbt",
              "tag": "{PickupDelay:20000s,Tags:[fancy_it_random_ench],Enchantments:[{id:\"minecraft:piercing\",lvl:3s}]}"
            }
          ]
        },
		{
          "type": "minecraft:item",
          "weight": 120,
          "quality": 1,
          "name": "minecraft:yellow_concrete",
          "functions": [
            {
              "function": "minecraft:set_nbt",
              "tag": "{PickupDelay:20000s,Tags:[fancy_it_random_ench],Enchantments:[{id:\"minecraft:piercing\",lvl:2s}]}"
            }
          ]
        },
		{
          "type": "minecraft:item",
          "weight": 130,
          "quality": 1,
          "name": "minecraft:yellow_concrete",
          "functions": [
            {
              "function": "minecraft:set_nbt",
              "tag": "{PickupDelay:20000s,Tags:[fancy_it_random_ench],Enchantments:[{id:\"minecraft:piercing\",lvl:1s}]}"
            }
          ]
        },
		{
          "type": "minecraft:item",
          "weight": 50,
          "quality": 1,
          "name": "minecraft:yellow_concrete",
          "functions": [
            {
              "function": "minecraft:set_nbt",
              "tag": "{PickupDelay:20000s,Tags:[fancy_it_random_ench],Enchantments:[{id:\"minecraft:efficiency\",lvl:10s}]}"
            }
          ]
        },
		{
          "type": "minecraft:item",
          "weight": 60,
          "quality": 1,
          "name": "minecraft:yellow_concrete",
          "functions": [
            {
              "function": "minecraft:set_nbt",
              "tag": "{PickupDelay:20000s,Tags:[fancy_it_random_ench],Enchantments:[{id:\"minecraft:efficiency\",lvl:9s}]}"
            }
          ]
        },
		{
          "type": "minecraft:item",
          "weight": 70,
          "quality": 1,
          "name": "minecraft:yellow_concrete",
          "functions": [
            {
              "function": "minecraft:set_nbt",
              "tag": "{PickupDelay:20000s,Tags:[fancy_it_random_ench],Enchantments:[{id:\"minecraft:efficiency\",lvl:8s}]}"
            }
          ]
        },
		{
          "type": "minecraft:item",
          "weight": 80,
          "quality": 1,
          "name": "minecraft:yellow_concrete",
          "functions": [
            {
              "function": "minecraft:set_nbt",
              "tag": "{PickupDelay:20000s,Tags:[fancy_it_random_ench],Enchantments:[{id:\"minecraft:efficiency\",lvl:6s}]}"
            }
          ]
        },
		{
          "type": "minecraft:item",
          "weight": 90,
          "quality": 1,
          "name": "minecraft:yellow_concrete",
          "functions": [
            {
              "function": "minecraft:set_nbt",
              "tag": "{PickupDelay:20000s,Tags:[fancy_it_random_ench],Enchantments:[{id:\"minecraft:efficiency\",lvl:5s}]}"
            }
          ]
        },
		{
          "type": "minecraft:item",
          "weight": 100,
          "quality": 1,
          "name": "minecraft:yellow_concrete",
          "functions": [
            {
              "function": "minecraft:set_nbt",
              "tag": "{PickupDelay:20000s,Tags:[fancy_it_random_ench],Enchantments:[{id:\"minecraft:efficiency\",lvl:4s}]}"
            }
          ]
        },
		{
          "type": "minecraft:item",
          "weight": 110,
          "quality": 1,
          "name": "minecraft:yellow_concrete",
          "functions": [
            {
              "function": "minecraft:set_nbt",
              "tag": "{PickupDelay:20000s,Tags:[fancy_it_random_ench],Enchantments:[{id:\"minecraft:efficiency\",lvl:3s}]}"
            }
          ]
        },
		{
          "type": "minecraft:item",
          "weight": 120,
          "quality": 1,
          "name": "minecraft:yellow_concrete",
          "functions": [
            {
              "function": "minecraft:set_nbt",
              "tag": "{PickupDelay:20000s,Tags:[fancy_it_random_ench],Enchantments:[{id:\"minecraft:efficiency\",lvl:2s}]}"
            }
          ]
        },
		{
          "type": "minecraft:item",
          "weight": 130,
          "quality": 1,
          "name": "minecraft:yellow_concrete",
          "functions": [
            {
              "function": "minecraft:set_nbt",
              "tag": "{PickupDelay:20000s,Tags:[fancy_it_random_ench],Enchantments:[{id:\"minecraft:efficiency\",lvl:1s}]}"
            }
          ]
        },
		{
          "type": "minecraft:item",
          "weight": 50,
          "quality": 1,
          "name": "minecraft:yellow_concrete",
          "functions": [
            {
              "function": "minecraft:set_nbt",
              "tag": "{PickupDelay:20000s,Tags:[fancy_it_random_ench],Enchantments:[{id:\"minecraft:unbreaking\",lvl:10s}]}"
            }
          ]
        },
		{
          "type": "minecraft:item",
          "weight": 60,
          "quality": 1,
          "name": "minecraft:yellow_concrete",
          "functions": [
            {
              "function": "minecraft:set_nbt",
              "tag": "{PickupDelay:20000s,Tags:[fancy_it_random_ench],Enchantments:[{id:\"minecraft:unbreaking\",lvl:9s}]}"
            }
          ]
        },
		{
          "type": "minecraft:item",
          "weight": 70,
          "quality": 1,
          "name": "minecraft:yellow_concrete",
          "functions": [
            {
              "function": "minecraft:set_nbt",
              "tag": "{PickupDelay:20000s,Tags:[fancy_it_random_ench],Enchantments:[{id:\"minecraft:unbreaking\",lvl:8s}]}"
            }
          ]
        },
		{
          "type": "minecraft:item",
          "weight": 80,
          "quality": 1,
          "name": "minecraft:yellow_concrete",
          "functions": [
            {
              "function": "minecraft:set_nbt",
              "tag": "{PickupDelay:20000s,Tags:[fancy_it_random_ench],Enchantments:[{id:\"minecraft:unbreaking\",lvl:6s}]}"
            }
          ]
        },
		{
          "type": "minecraft:item",
          "weight": 90,
          "quality": 1,
          "name": "minecraft:yellow_concrete",
          "functions": [
            {
              "function": "minecraft:set_nbt",
              "tag": "{PickupDelay:20000s,Tags:[fancy_it_random_ench],Enchantments:[{id:\"minecraft:unbreaking\",lvl:5s}]}"
            }
          ]
        },
		{
          "type": "minecraft:item",
          "weight": 100,
          "quality": 1,
          "name": "minecraft:yellow_concrete",
          "functions": [
            {
              "function": "minecraft:set_nbt",
              "tag": "{PickupDelay:20000s,Tags:[fancy_it_random_ench],Enchantments:[{id:\"minecraft:unbreaking\",lvl:4s}]}"
            }
          ]
        },
		{
          "type": "minecraft:item",
          "weight": 110,
          "quality": 1,
          "name": "minecraft:yellow_concrete",
          "functions": [
            {
              "function": "minecraft:set_nbt",
              "tag": "{PickupDelay:20000s,Tags:[fancy_it_random_ench],Enchantments:[{id:\"minecraft:unbreaking\",lvl:3s}]}"
            }
          ]
        },
		{
          "type": "minecraft:item",
          "weight": 120,
          "quality": 1,
          "name": "minecraft:yellow_concrete",
          "functions": [
            {
              "function": "minecraft:set_nbt",
              "tag": "{PickupDelay:20000s,Tags:[fancy_it_random_ench],Enchantments:[{id:\"minecraft:unbreaking\",lvl:2s}]}"
            }
          ]
        },
		{
          "type": "minecraft:item",
          "weight": 130,
          "quality": 1,
          "name": "minecraft:yellow_concrete",
          "functions": [
            {
              "function": "minecraft:set_nbt",
              "tag": "{PickupDelay:20000s,Tags:[fancy_it_random_ench],Enchantments:[{id:\"minecraft:unbreaking\",lvl:1s}]}"
            }
          ]
        },
		{
          "type": "minecraft:item",
          "weight": 50,
          "quality": 1,
          "name": "minecraft:yellow_concrete",
          "functions": [
            {
              "function": "minecraft:set_nbt",
              "tag": "{PickupDelay:20000s,Tags:[fancy_it_random_ench],Enchantments:[{id:\"minecraft:fortune\",lvl:10s}]}"
            }
          ]
        },
		{
          "type": "minecraft:item",
          "weight": 60,
          "quality": 1,
          "name": "minecraft:yellow_concrete",
          "functions": [
            {
              "function": "minecraft:set_nbt",
              "tag": "{PickupDelay:20000s,Tags:[fancy_it_random_ench],Enchantments:[{id:\"minecraft:fortune\",lvl:9s}]}"
            }
          ]
        },
		{
          "type": "minecraft:item",
          "weight": 70,
          "quality": 1,
          "name": "minecraft:yellow_concrete",
          "functions": [
            {
              "function": "minecraft:set_nbt",
              "tag": "{PickupDelay:20000s,Tags:[fancy_it_random_ench],Enchantments:[{id:\"minecraft:fortune\",lvl:8s}]}"
            }
          ]
        },
		{
          "type": "minecraft:item",
          "weight": 80,
          "quality": 1,
          "name": "minecraft:yellow_concrete",
          "functions": [
            {
              "function": "minecraft:set_nbt",
              "tag": "{PickupDelay:20000s,Tags:[fancy_it_random_ench],Enchantments:[{id:\"minecraft:fortune\",lvl:6s}]}"
            }
          ]
        },
		{
          "type": "minecraft:item",
          "weight": 90,
          "quality": 1,
          "name": "minecraft:yellow_concrete",
          "functions": [
            {
              "function": "minecraft:set_nbt",
              "tag": "{PickupDelay:20000s,Tags:[fancy_it_random_ench],Enchantments:[{id:\"minecraft:fortune\",lvl:5s}]}"
            }
          ]
        },
		{
          "type": "minecraft:item",
          "weight": 100,
          "quality": 1,
          "name": "minecraft:yellow_concrete",
          "functions": [
            {
              "function": "minecraft:set_nbt",
              "tag": "{PickupDelay:20000s,Tags:[fancy_it_random_ench],Enchantments:[{id:\"minecraft:fortune\",lvl:4s}]}"
            }
          ]
        },
		{
          "type": "minecraft:item",
          "weight": 110,
          "quality": 1,
          "name": "minecraft:yellow_concrete",
          "functions": [
            {
              "function": "minecraft:set_nbt",
              "tag": "{PickupDelay:20000s,Tags:[fancy_it_random_ench],Enchantments:[{id:\"minecraft:fortune\",lvl:3s}]}"
            }
          ]
        },
		{
          "type": "minecraft:item",
          "weight": 120,
          "quality": 1,
          "name": "minecraft:yellow_concrete",
          "functions": [
            {
              "function": "minecraft:set_nbt",
              "tag": "{PickupDelay:20000s,Tags:[fancy_it_random_ench],Enchantments:[{id:\"minecraft:fortune\",lvl:2s}]}"
            }
          ]
        },
		{
          "type": "minecraft:item",
          "weight": 130,
          "quality": 1,
          "name": "minecraft:yellow_concrete",
          "functions": [
            {
              "function": "minecraft:set_nbt",
              "tag": "{PickupDelay:20000s,Tags:[fancy_it_random_ench],Enchantments:[{id:\"minecraft:fortune\",lvl:1s}]}"
            }
          ]
        },
		{
          "type": "minecraft:item",
          "weight": 50,
          "quality": 1,
          "name": "minecraft:yellow_concrete",
          "functions": [
            {
              "function": "minecraft:set_nbt",
              "tag": "{PickupDelay:20000s,Tags:[fancy_it_random_ench],Enchantments:[{id:\"minecraft:power\",lvl:10s}]}"
            }
          ]
        },
		{
          "type": "minecraft:item",
          "weight": 60,
          "quality": 1,
          "name": "minecraft:yellow_concrete",
          "functions": [
            {
              "function": "minecraft:set_nbt",
              "tag": "{PickupDelay:20000s,Tags:[fancy_it_random_ench],Enchantments:[{id:\"minecraft:power\",lvl:9s}]}"
            }
          ]
        },
		{
          "type": "minecraft:item",
          "weight": 70,
          "quality": 1,
          "name": "minecraft:yellow_concrete",
          "functions": [
            {
              "function": "minecraft:set_nbt",
              "tag": "{PickupDelay:20000s,Tags:[fancy_it_random_ench],Enchantments:[{id:\"minecraft:power\",lvl:8s}]}"
            }
          ]
        },
		{
          "type": "minecraft:item",
          "weight": 80,
          "quality": 1,
          "name": "minecraft:yellow_concrete",
          "functions": [
            {
              "function": "minecraft:set_nbt",
              "tag": "{PickupDelay:20000s,Tags:[fancy_it_random_ench],Enchantments:[{id:\"minecraft:power\",lvl:6s}]}"
            }
          ]
        },
		{
          "type": "minecraft:item",
          "weight": 90,
          "quality": 1,
          "name": "minecraft:yellow_concrete",
          "functions": [
            {
              "function": "minecraft:set_nbt",
              "tag": "{PickupDelay:20000s,Tags:[fancy_it_random_ench],Enchantments:[{id:\"minecraft:power\",lvl:5s}]}"
            }
          ]
        },
		{
          "type": "minecraft:item",
          "weight": 100,
          "quality": 1,
          "name": "minecraft:yellow_concrete",
          "functions": [
            {
              "function": "minecraft:set_nbt",
              "tag": "{PickupDelay:20000s,Tags:[fancy_it_random_ench],Enchantments:[{id:\"minecraft:power\",lvl:4s}]}"
            }
          ]
        },
		{
          "type": "minecraft:item",
          "weight": 110,
          "quality": 1,
          "name": "minecraft:yellow_concrete",
          "functions": [
            {
              "function": "minecraft:set_nbt",
              "tag": "{PickupDelay:20000s,Tags:[fancy_it_random_ench],Enchantments:[{id:\"minecraft:power\",lvl:3s}]}"
            }
          ]
        },
		{
          "type": "minecraft:item",
          "weight": 120,
          "quality": 1,
          "name": "minecraft:yellow_concrete",
          "functions": [
            {
              "function": "minecraft:set_nbt",
              "tag": "{PickupDelay:20000s,Tags:[fancy_it_random_ench],Enchantments:[{id:\"minecraft:power\",lvl:2s}]}"
            }
          ]
        },
		{
          "type": "minecraft:item",
          "weight": 130,
          "quality": 1,
          "name": "minecraft:yellow_concrete",
          "functions": [
            {
              "function": "minecraft:set_nbt",
              "tag": "{PickupDelay:20000s,Tags:[fancy_it_random_ench],Enchantments:[{id:\"minecraft:power\",lvl:1s}]}"
            }
          ]
        },
		{
          "type": "minecraft:item",
          "weight": 50,
          "quality": 1,
          "name": "minecraft:yellow_concrete",
          "functions": [
            {
              "function": "minecraft:set_nbt",
              "tag": "{PickupDelay:20000s,Tags:[fancy_it_random_ench],Enchantments:[{id:\"minecraft:looting\",lvl:10s}]}"
            }
          ]
        },
		{
          "type": "minecraft:item",
          "weight": 60,
          "quality": 1,
          "name": "minecraft:yellow_concrete",
          "functions": [
            {
              "function": "minecraft:set_nbt",
              "tag": "{PickupDelay:20000s,Tags:[fancy_it_random_ench],Enchantments:[{id:\"minecraft:looting\",lvl:9s}]}"
            }
          ]
        },
		{
          "type": "minecraft:item",
          "weight": 70,
          "quality": 1,
          "name": "minecraft:yellow_concrete",
          "functions": [
            {
              "function": "minecraft:set_nbt",
              "tag": "{PickupDelay:20000s,Tags:[fancy_it_random_ench],Enchantments:[{id:\"minecraft:looting\",lvl:8s}]}"
            }
          ]
        },
		{
          "type": "minecraft:item",
          "weight": 80,
          "quality": 1,
          "name": "minecraft:yellow_concrete",
          "functions": [
            {
              "function": "minecraft:set_nbt",
              "tag": "{PickupDelay:20000s,Tags:[fancy_it_random_ench],Enchantments:[{id:\"minecraft:looting\",lvl:6s}]}"
            }
          ]
        },
		{
          "type": "minecraft:item",
          "weight": 90,
          "quality": 1,
          "name": "minecraft:yellow_concrete",
          "functions": [
            {
              "function": "minecraft:set_nbt",
              "tag": "{PickupDelay:20000s,Tags:[fancy_it_random_ench],Enchantments:[{id:\"minecraft:looting\",lvl:5s}]}"
            }
          ]
        },
		{
          "type": "minecraft:item",
          "weight": 100,
          "quality": 1,
          "name": "minecraft:yellow_concrete",
          "functions": [
            {
              "function": "minecraft:set_nbt",
              "tag": "{PickupDelay:20000s,Tags:[fancy_it_random_ench],Enchantments:[{id:\"minecraft:looting\",lvl:4s}]}"
            }
          ]
        },
		{
          "type": "minecraft:item",
          "weight": 110,
          "quality": 1,
          "name": "minecraft:yellow_concrete",
          "functions": [
            {
              "function": "minecraft:set_nbt",
              "tag": "{PickupDelay:20000s,Tags:[fancy_it_random_ench],Enchantments:[{id:\"minecraft:looting\",lvl:3s}]}"
            }
          ]
        },
		{
          "type": "minecraft:item",
          "weight": 120,
          "quality": 1,
          "name": "minecraft:yellow_concrete",
          "functions": [
            {
              "function": "minecraft:set_nbt",
              "tag": "{PickupDelay:20000s,Tags:[fancy_it_random_ench],Enchantments:[{id:\"minecraft:looting\",lvl:2s}]}"
            }
          ]
        },
		{
          "type": "minecraft:item",
          "weight": 130,
          "quality": 1,
          "name": "minecraft:yellow_concrete",
          "functions": [
            {
              "function": "minecraft:set_nbt",
              "tag": "{PickupDelay:20000s,Tags:[fancy_it_random_ench],Enchantments:[{id:\"minecraft:looting\",lvl:1s}]}"
            }
          ]
        },
		{
          "type": "minecraft:item",
          "weight": 50,
          "quality": 1,
          "name": "minecraft:yellow_concrete",
          "functions": [
            {
              "function": "minecraft:set_nbt",
              "tag": "{PickupDelay:20000s,Tags:[fancy_it_random_ench],Enchantments:[{id:\"minecraft:sweeping\",lvl:10s}]}"
            }
          ]
        },
		{
          "type": "minecraft:item",
          "weight": 60,
          "quality": 1,
          "name": "minecraft:yellow_concrete",
          "functions": [
            {
              "function": "minecraft:set_nbt",
              "tag": "{PickupDelay:20000s,Tags:[fancy_it_random_ench],Enchantments:[{id:\"minecraft:sweeping\",lvl:9s}]}"
            }
          ]
        },
		{
          "type": "minecraft:item",
          "weight": 70,
          "quality": 1,
          "name": "minecraft:yellow_concrete",
          "functions": [
            {
              "function": "minecraft:set_nbt",
              "tag": "{PickupDelay:20000s,Tags:[fancy_it_random_ench],Enchantments:[{id:\"minecraft:sweeping\",lvl:8s}]}"
            }
          ]
        },
		{
          "type": "minecraft:item",
          "weight": 80,
          "quality": 1,
          "name": "minecraft:yellow_concrete",
          "functions": [
            {
              "function": "minecraft:set_nbt",
              "tag": "{PickupDelay:20000s,Tags:[fancy_it_random_ench],Enchantments:[{id:\"minecraft:sweeping\",lvl:6s}]}"
            }
          ]
        },
		{
          "type": "minecraft:item",
          "weight": 90,
          "quality": 1,
          "name": "minecraft:yellow_concrete",
          "functions": [
            {
              "function": "minecraft:set_nbt",
              "tag": "{PickupDelay:20000s,Tags:[fancy_it_random_ench],Enchantments:[{id:\"minecraft:sweeping\",lvl:5s}]}"
            }
          ]
        },
		{
          "type": "minecraft:item",
          "weight": 100,
          "quality": 1,
          "name": "minecraft:yellow_concrete",
          "functions": [
            {
              "function": "minecraft:set_nbt",
              "tag": "{PickupDelay:20000s,Tags:[fancy_it_random_ench],Enchantments:[{id:\"minecraft:sweeping\",lvl:4s}]}"
            }
          ]
        },
		{
          "type": "minecraft:item",
          "weight": 110,
          "quality": 1,
          "name": "minecraft:yellow_concrete",
          "functions": [
            {
              "function": "minecraft:set_nbt",
              "tag": "{PickupDelay:20000s,Tags:[fancy_it_random_ench],Enchantments:[{id:\"minecraft:sweeping\",lvl:3s}]}"
            }
          ]
        },
		{
          "type": "minecraft:item",
          "weight": 120,
          "quality": 1,
          "name": "minecraft:yellow_concrete",
          "functions": [
            {
              "function": "minecraft:set_nbt",
              "tag": "{PickupDelay:20000s,Tags:[fancy_it_random_ench],Enchantments:[{id:\"minecraft:sweeping\",lvl:2s}]}"
            }
          ]
        },
		{
          "type": "minecraft:item",
          "weight": 130,
          "quality": 1,
          "name": "minecraft:yellow_concrete",
          "functions": [
            {
              "function": "minecraft:set_nbt",
              "tag": "{PickupDelay:20000s,Tags:[fancy_it_random_ench],Enchantments:[{id:\"minecraft:sweeping\",lvl:1s}]}"
            }
          ]
        },
		{
          "type": "minecraft:item",
          "weight": 50,
          "quality": 1,
          "name": "minecraft:yellow_concrete",
          "functions": [
            {
              "function": "minecraft:set_nbt",
              "tag": "{PickupDelay:20000s,Tags:[fancy_it_random_ench],Enchantments:[{id:\"minecraft:punch\",lvl:10s}]}"
            }
          ]
        },
		{
          "type": "minecraft:item",
          "weight": 60,
          "quality": 1,
          "name": "minecraft:yellow_concrete",
          "functions": [
            {
              "function": "minecraft:set_nbt",
              "tag": "{PickupDelay:20000s,Tags:[fancy_it_random_ench],Enchantments:[{id:\"minecraft:punch\",lvl:9s}]}"
            }
          ]
        },
		{
          "type": "minecraft:item",
          "weight": 70,
          "quality": 1,
          "name": "minecraft:yellow_concrete",
          "functions": [
            {
              "function": "minecraft:set_nbt",
              "tag": "{PickupDelay:20000s,Tags:[fancy_it_random_ench],Enchantments:[{id:\"minecraft:punch\",lvl:8s}]}"
            }
          ]
        },
		{
          "type": "minecraft:item",
          "weight": 80,
          "quality": 1,
          "name": "minecraft:yellow_concrete",
          "functions": [
            {
              "function": "minecraft:set_nbt",
              "tag": "{PickupDelay:20000s,Tags:[fancy_it_random_ench],Enchantments:[{id:\"minecraft:punch\",lvl:6s}]}"
            }
          ]
        },
		{
          "type": "minecraft:item",
          "weight": 90,
          "quality": 1,
          "name": "minecraft:yellow_concrete",
          "functions": [
            {
              "function": "minecraft:set_nbt",
              "tag": "{PickupDelay:20000s,Tags:[fancy_it_random_ench],Enchantments:[{id:\"minecraft:punch\",lvl:5s}]}"
            }
          ]
        },
		{
          "type": "minecraft:item",
          "weight": 100,
          "quality": 1,
          "name": "minecraft:yellow_concrete",
          "functions": [
            {
              "function": "minecraft:set_nbt",
              "tag": "{PickupDelay:20000s,Tags:[fancy_it_random_ench],Enchantments:[{id:\"minecraft:punch\",lvl:4s}]}"
            }
          ]
        },
		{
          "type": "minecraft:item",
          "weight": 110,
          "quality": 1,
          "name": "minecraft:yellow_concrete",
          "functions": [
            {
              "function": "minecraft:set_nbt",
              "tag": "{PickupDelay:20000s,Tags:[fancy_it_random_ench],Enchantments:[{id:\"minecraft:punch\",lvl:3s}]}"
            }
          ]
        },
		{
          "type": "minecraft:item",
          "weight": 120,
          "quality": 1,
          "name": "minecraft:yellow_concrete",
          "functions": [
            {
              "function": "minecraft:set_nbt",
              "tag": "{PickupDelay:20000s,Tags:[fancy_it_random_ench],Enchantments:[{id:\"minecraft:punch\",lvl:2s}]}"
            }
          ]
        },
		{
          "type": "minecraft:item",
          "weight": 130,
          "quality": 1,
          "name": "minecraft:yellow_concrete",
          "functions": [
            {
              "function": "minecraft:set_nbt",
              "tag": "{PickupDelay:20000s,Tags:[fancy_it_random_ench],Enchantments:[{id:\"minecraft:punch\",lvl:1s}]}"
            }
          ]
        },
		{
          "type": "minecraft:item",
          "weight": 50,
          "quality": 1,
          "name": "minecraft:yellow_concrete",
          "functions": [
            {
              "function": "minecraft:set_nbt",
              "tag": "{PickupDelay:20000s,Tags:[fancy_it_random_ench],Enchantments:[{id:\"minecraft:luck_of_the_sea\",lvl:10s}]}"
            }
          ]
        },
		{
          "type": "minecraft:item",
          "weight": 60,
          "quality": 1,
          "name": "minecraft:yellow_concrete",
          "functions": [
            {
              "function": "minecraft:set_nbt",
              "tag": "{PickupDelay:20000s,Tags:[fancy_it_random_ench],Enchantments:[{id:\"minecraft:luck_of_the_sea\",lvl:9s}]}"
            }
          ]
        },
		{
          "type": "minecraft:item",
          "weight": 70,
          "quality": 1,
          "name": "minecraft:yellow_concrete",
          "functions": [
            {
              "function": "minecraft:set_nbt",
              "tag": "{PickupDelay:20000s,Tags:[fancy_it_random_ench],Enchantments:[{id:\"minecraft:luck_of_the_sea\",lvl:8s}]}"
            }
          ]
        },
		{
          "type": "minecraft:item",
          "weight": 80,
          "quality": 1,
          "name": "minecraft:yellow_concrete",
          "functions": [
            {
              "function": "minecraft:set_nbt",
              "tag": "{PickupDelay:20000s,Tags:[fancy_it_random_ench],Enchantments:[{id:\"minecraft:luck_of_the_sea\",lvl:6s}]}"
            }
          ]
        },
		{
          "type": "minecraft:item",
          "weight": 90,
          "quality": 1,
          "name": "minecraft:yellow_concrete",
          "functions": [
            {
              "function": "minecraft:set_nbt",
              "tag": "{PickupDelay:20000s,Tags:[fancy_it_random_ench],Enchantments:[{id:\"minecraft:luck_of_the_sea\",lvl:5s}]}"
            }
          ]
        },
		{
          "type": "minecraft:item",
          "weight": 100,
          "quality": 1,
          "name": "minecraft:yellow_concrete",
          "functions": [
            {
              "function": "minecraft:set_nbt",
              "tag": "{PickupDelay:20000s,Tags:[fancy_it_random_ench],Enchantments:[{id:\"minecraft:luck_of_the_sea\",lvl:4s}]}"
            }
          ]
        },
		{
          "type": "minecraft:item",
          "weight": 110,
          "quality": 1,
          "name": "minecraft:yellow_concrete",
          "functions": [
            {
              "function": "minecraft:set_nbt",
              "tag": "{PickupDelay:20000s,Tags:[fancy_it_random_ench],Enchantments:[{id:\"minecraft:luck_of_the_sea\",lvl:3s}]}"
            }
          ]
        },
		{
          "type": "minecraft:item",
          "weight": 120,
          "quality": 1,
          "name": "minecraft:yellow_concrete",
          "functions": [
            {
              "function": "minecraft:set_nbt",
              "tag": "{PickupDelay:20000s,Tags:[fancy_it_random_ench],Enchantments:[{id:\"minecraft:luck_of_the_sea\",lvl:2s}]}"
            }
          ]
        },
		{
          "type": "minecraft:item",
          "weight": 130,
          "quality": 1,
          "name": "minecraft:yellow_concrete",
          "functions": [
            {
              "function": "minecraft:set_nbt",
              "tag": "{PickupDelay:20000s,Tags:[fancy_it_random_ench],Enchantments:[{id:\"minecraft:luck_of_the_sea\",lvl:1s}]}"
            }
          ]
        },
		{
          "type": "minecraft:item",
          "weight": 50,
          "quality": 1,
          "name": "minecraft:yellow_concrete",
          "functions": [
            {
              "function": "minecraft:set_nbt",
              "tag": "{PickupDelay:20000s,Tags:[fancy_it_random_ench],Enchantments:[{id:\"minecraft:lure\",lvl:10s}]}"
            }
          ]
        },
		{
          "type": "minecraft:item",
          "weight": 60,
          "quality": 1,
          "name": "minecraft:yellow_concrete",
          "functions": [
            {
              "function": "minecraft:set_nbt",
              "tag": "{PickupDelay:20000s,Tags:[fancy_it_random_ench],Enchantments:[{id:\"minecraft:lure\",lvl:9s}]}"
            }
          ]
        },
		{
          "type": "minecraft:item",
          "weight": 70,
          "quality": 1,
          "name": "minecraft:yellow_concrete",
          "functions": [
            {
              "function": "minecraft:set_nbt",
              "tag": "{PickupDelay:20000s,Tags:[fancy_it_random_ench],Enchantments:[{id:\"minecraft:lure\",lvl:8s}]}"
            }
          ]
        },
		{
          "type": "minecraft:item",
          "weight": 80,
          "quality": 1,
          "name": "minecraft:yellow_concrete",
          "functions": [
            {
              "function": "minecraft:set_nbt",
              "tag": "{PickupDelay:20000s,Tags:[fancy_it_random_ench],Enchantments:[{id:\"minecraft:lure\",lvl:6s}]}"
            }
          ]
        },
		{
          "type": "minecraft:item",
          "weight": 90,
          "quality": 1,
          "name": "minecraft:yellow_concrete",
          "functions": [
            {
              "function": "minecraft:set_nbt",
              "tag": "{PickupDelay:20000s,Tags:[fancy_it_random_ench],Enchantments:[{id:\"minecraft:lure\",lvl:5s}]}"
            }
          ]
        },
		{
          "type": "minecraft:item",
          "weight": 100,
          "quality": 1,
          "name": "minecraft:yellow_concrete",
          "functions": [
            {
              "function": "minecraft:set_nbt",
              "tag": "{PickupDelay:20000s,Tags:[fancy_it_random_ench],Enchantments:[{id:\"minecraft:lure\",lvl:4s}]}"
            }
          ]
        },
		{
          "type": "minecraft:item",
          "weight": 110,
          "quality": 1,
          "name": "minecraft:yellow_concrete",
          "functions": [
            {
              "function": "minecraft:set_nbt",
              "tag": "{PickupDelay:20000s,Tags:[fancy_it_random_ench],Enchantments:[{id:\"minecraft:lure\",lvl:3s}]}"
            }
          ]
        },
		{
          "type": "minecraft:item",
          "weight": 120,
          "quality": 1,
          "name": "minecraft:yellow_concrete",
          "functions": [
            {
              "function": "minecraft:set_nbt",
              "tag": "{PickupDelay:20000s,Tags:[fancy_it_random_ench],Enchantments:[{id:\"minecraft:lure\",lvl:2s}]}"
            }
          ]
        },
		{
          "type": "minecraft:item",
          "weight": 130,
          "quality": 1,
          "name": "minecraft:yellow_concrete",
          "functions": [
            {
              "function": "minecraft:set_nbt",
              "tag": "{PickupDelay:20000s,Tags:[fancy_it_random_ench],Enchantments:[{id:\"minecraft:lure\",lvl:1s}]}"
            }
          ]
        },
		{
          "type": "minecraft:item",
          "weight": 50,
          "quality": 1,
          "name": "minecraft:yellow_concrete",
          "functions": [
            {
              "function": "minecraft:set_nbt",
              "tag": "{PickupDelay:20000s,Tags:[fancy_it_random_ench],Enchantments:[{id:\"minecraft:quick_charge\",lvl:2s}]}"
            }
          ]
        },
		{
          "type": "minecraft:item",
          "weight": 60,
          "quality": 1,
          "name": "minecraft:yellow_concrete",
          "functions": [
            {
              "function": "minecraft:set_nbt",
              "tag": "{PickupDelay:20000s,Tags:[fancy_it_random_ench],Enchantments:[{id:\"minecraft:quick_charge\",lvl:3s}]}"
            }
          ]
        },
		{
          "type": "minecraft:item",
          "weight": 70,
          "quality": 1,
          "name": "minecraft:yellow_concrete",
          "functions": [
            {
              "function": "minecraft:set_nbt",
              "tag": "{PickupDelay:20000s,Tags:[fancy_it_random_ench],Enchantments:[{id:\"minecraft:quick_charge\",lvl:4s}]}"
            }
          ]
        },
		{
          "type": "minecraft:item",
          "weight": 80,
          "quality": 1,
          "name": "minecraft:yellow_concrete",
          "functions": [
            {
              "function": "minecraft:set_nbt",
              "tag": "{PickupDelay:20000s,Tags:[fancy_it_random_ench],Enchantments:[{id:\"minecraft:quick_charge\",lvl:1s}]}"
            }
          ]
        },
		{
          "type": "minecraft:item",
          "weight": 90,
          "quality": 1,
          "name": "minecraft:yellow_concrete",
          "functions": [
            {
              "function": "minecraft:set_nbt",
              "tag": "{PickupDelay:20000s,Tags:[fancy_it_random_ench],Enchantments:[{id:\"minecraft:quick_charge\",lvl:5s}]}"
            }
          ]
        },
		{
          "type": "minecraft:item",
          "weight": 100,
          "quality": 1,
          "name": "minecraft:yellow_concrete",
          "functions": [
            {
              "function": "minecraft:set_nbt",
              "tag": "{PickupDelay:20000s,Tags:[fancy_it_random_ench],Enchantments:[{id:\"minecraft:quick_charge\",lvl:4s}]}"
            }
          ]
        },
		{
          "type": "minecraft:item",
          "weight": 110,
          "quality": 1,
          "name": "minecraft:yellow_concrete",
          "functions": [
            {
              "function": "minecraft:set_nbt",
              "tag": "{PickupDelay:20000s,Tags:[fancy_it_random_ench],Enchantments:[{id:\"minecraft:quick_charge\",lvl:3s}]}"
            }
          ]
        },
		{
          "type": "minecraft:item",
          "weight": 120,
          "quality": 1,
          "name": "minecraft:yellow_concrete",
          "functions": [
            {
              "function": "minecraft:set_nbt",
              "tag": "{PickupDelay:20000s,Tags:[fancy_it_random_ench],Enchantments:[{id:\"minecraft:quick_charge\",lvl:2s}]}"
            }
          ]
        },
		{
          "type": "minecraft:item",
          "weight": 130,
          "quality": 1,
          "name": "minecraft:yellow_concrete",
          "functions": [
            {
              "function": "minecraft:set_nbt",
              "tag": "{PickupDelay:20000s,Tags:[fancy_it_random_ench],Enchantments:[{id:\"minecraft:quick_charge\",lvl:1s}]}"
            }
          ]
        },
		{
          "type": "minecraft:item",
          "weight": 170,
          "quality": 1,
          "name": "minecraft:lime_concrete",
          "functions": [
            {
              "function": "minecraft:set_nbt",
              "tag": "{PickupDelay:17000s,Tags:[fancy_it_random_ench]}"
            }
          ]
        },
		{
          "type": "minecraft:item",
          "weight": 170,
          "quality": 1,
          "name": "minecraft:pink_concrete",
          "functions": [
            {
              "function": "minecraft:set_nbt",
              "tag": "{PickupDelay:17000s,Tags:[fancy_it_random_ench]}"
            }
          ]
        },
		{
          "type": "minecraft:item",
          "weight": 170,
          "quality": 1,
          "name": "minecraft:gray_concrete",
          "functions": [
            {
              "function": "minecraft:set_nbt",
              "tag": "{PickupDelay:17000s,Tags:[fancy_it_random_ench]}"
            }
          ]
        },
		{
          "type": "minecraft:item",
          "weight": 170,
          "quality": 1,
          "name": "minecraft:light_gray_concrete",
          "functions": [
            {
              "function": "minecraft:set_nbt",
              "tag": "{PickupDelay:17000s,Tags:[fancy_it_random_ench]}"
            }
          ]
        },
		{
          "type": "minecraft:item",
          "weight": 170,
          "quality": 1,
          "name": "minecraft:cyan_concrete",
          "functions": [
            {
              "function": "minecraft:set_nbt",
              "tag": "{PickupDelay:17000s,Tags:[fancy_it_random_ench]}"
            }
          ]
        },
		{
          "type": "minecraft:item",
          "weight": 170,
          "quality": 1,
          "name": "minecraft:purple_concrete",
          "functions": [
            {
              "function": "minecraft:set_nbt",
              "tag": "{PickupDelay:17000s,Tags:[fancy_it_random_ench]}"
            }
          ]
        },
		{
          "type": "minecraft:item",
          "weight": 170,
          "quality": 1,
          "name": "minecraft:blue_concrete",
          "functions": [
            {
              "function": "minecraft:set_nbt",
              "tag": "{PickupDelay:17000s,Tags:[fancy_it_random_ench]}"
            }
          ]
        },
		{
          "type": "minecraft:item",
          "weight": 170,
          "quality": 1,
          "name": "minecraft:brown_concrete",
          "functions": [
            {
              "function": "minecraft:set_nbt",
              "tag": "{PickupDelay:17000s,Tags:[fancy_it_random_ench]}"
            }
          ]
        },
		{
          "type": "minecraft:item",
          "weight": 40,
          "quality": 1,
          "name": "minecraft:green_concrete",
          "functions": [
            {
              "function": "minecraft:set_nbt",
              "tag": "{PickupDelay:17000s,Tags:[fancy_it_random_ench]}"
            }
          ]
        },
		{
          "type": "minecraft:item",
          "weight": 45,
          "quality": 1,
          "name": "minecraft:red_concrete",
          "functions": [
            {
              "function": "minecraft:set_nbt",
              "tag": "{PickupDelay:17000s,Tags:[fancy_it_random_ench]}"
            }
          ]
        },
		{
          "type": "minecraft:item",
          "weight": 170,
          "quality": 1,
          "name": "minecraft:black_concrete",
          "functions": [
            {
              "function": "minecraft:set_nbt",
              "tag": "{PickupDelay:17000s,Tags:[fancy_it_random_ench]}"
            }
          ]
        },
        {
          "type": "minecraft:item",
          "weight": 100,
          "quality": 1,
          "name": "minecraft:white_wool",
          "functions": [
            {
              "function": "minecraft:set_nbt",
              "tag": "{PickupDelay:17000s,Tags:[fancy_it_random_ench]}"
            }
          ]
        },
        {
          "type": "minecraft:item",
          "weight": 100,
          "quality": 1,
          "name": "minecraft:orange_wool",
          "functions": [
            {
              "function": "minecraft:set_nbt",
              "tag": "{PickupDelay:17000s,Tags:[fancy_it_random_ench]}"
            }
          ]
        },
		{
          "type": "minecraft:item",
          "weight": 100,
          "quality": 1,
          "name": "minecraft:magenta_wool",
          "functions": [
            {
              "function": "minecraft:set_nbt",
              "tag": "{PickupDelay:17000s,Tags:[fancy_it_random_ench]}"
            }
          ]
        },
		{
          "type": "minecraft:item",
          "weight": 100,
          "quality": 1,
          "name": "minecraft:light_blue_wool",
          "functions": [
            {
              "function": "minecraft:set_nbt",
              "tag": "{PickupDelay:17000s,Tags:[fancy_it_random_ench]}"
            }
          ]
        },
		{
          "type": "minecraft:item",
          "weight": 100,
          "quality": 1,
          "name": "minecraft:yellow_wool",
          "functions": [
            {
              "function": "minecraft:set_nbt",
              "tag": "{PickupDelay:17000s,Tags:[fancy_it_random_ench]}"
            }
          ]
        },
		{
          "type": "minecraft:item",
          "weight": 100,
          "quality": 1,
          "name": "minecraft:lime_wool",
          "functions": [
            {
              "function": "minecraft:set_nbt",
              "tag": "{PickupDelay:17000s,Tags:[fancy_it_random_ench]}"
            }
          ]
        },
		{
          "type": "minecraft:item",
          "weight": 100,
          "quality": 1,
          "name": "minecraft:pink_wool",
          "functions": [
            {
              "function": "minecraft:set_nbt",
              "tag": "{PickupDelay:17000s,Tags:[fancy_it_random_ench]}"
            }
          ]
        },
		{
          "type": "minecraft:item",
          "weight": 100,
          "quality": 1,
          "name": "minecraft:gray_wool",
          "functions": [
            {
              "function": "minecraft:set_nbt",
              "tag": "{PickupDelay:17000s,Tags:[fancy_it_random_ench]}"
            }
          ]
        },
		{
          "type": "minecraft:item",
          "weight": 100,
          "quality": 1,
          "name": "minecraft:light_gray_wool",
          "functions": [
            {
              "function": "minecraft:set_nbt",
              "tag": "{PickupDelay:17000s,Tags:[fancy_it_random_ench]}"
            }
          ]
        },
		{
          "type": "minecraft:item",
          "weight": 100,
          "quality": 1,
          "name": "minecraft:cyan_wool",
          "functions": [
            {
              "function": "minecraft:set_nbt",
              "tag": "{PickupDelay:17000s,Tags:[fancy_it_random_ench]}"
            }
          ]
        },
		{
          "type": "minecraft:item",
          "weight": 100,
          "quality": 1,
          "name": "minecraft:purple_wool",
          "functions": [
            {
              "function": "minecraft:set_nbt",
              "tag": "{PickupDelay:17000s,Tags:[fancy_it_random_ench]}"
            }
          ]
        },
		{
          "type": "minecraft:item",
          "weight": 45,
          "quality": 1,
          "name": "minecraft:yellow_shulker_box",
          "functions": [
            {
              "function": "minecraft:set_nbt",
              "tag": "{PickupDelay:17000s,Tags:[fancy_it_random_ench]}"
            }
          ]
        },
		{
          "type": "minecraft:item",
          "weight": 20,
          "quality": 1,
          "name": "minecraft:orange_shulker_box",
          "functions": [
            {
              "function": "minecraft:set_nbt",
              "tag": "{PickupDelay:17000s,Tags:[fancy_it_random_ench]}"
            }
          ]
        },
		{
          "type": "minecraft:item",
          "weight": 50,
          "quality": 1,
          "name": "minecraft:white_shulker_box",
          "functions": [
            {
              "function": "minecraft:set_nbt",
              "tag": "{PickupDelay:17000s,Tags:[fancy_it_random_ench]}"
            }
          ]
        },
		{
          "type": "minecraft:item",
          "weight": 30,
          "quality": 1,
          "name": "minecraft:black_shulker_box",
          "functions": [
            {
              "function": "minecraft:set_nbt",
              "tag": "{PickupDelay:17000s,Tags:[fancy_it_random_ench]}"
            }
          ]
        },
		{
          "type": "minecraft:item",
          "weight": 70,
          "quality": 1,
          "name": "minecraft:red_shulker_box",
          "functions": [
            {
              "function": "minecraft:set_nbt",
              "tag": "{PickupDelay:17000s,Tags:[fancy_it_random_ench]}"
            }
          ]
        },
		{
          "type": "minecraft:item",
          "weight": 100,
          "quality": 1,
          "name": "minecraft:green_shulker_box",
          "functions": [
            {
              "function": "minecraft:set_nbt",
              "tag": "{PickupDelay:17000s,Tags:[fancy_it_random_ench]}"
            }
          ]
        },
		{
          "type": "minecraft:item",
          "weight": 15,
          "quality": 1,
          "name": "minecraft:brown_shulker_box",
          "functions": [
            {
              "function": "minecraft:set_nbt",
              "tag": "{PickupDelay:17000s,Tags:[fancy_it_random_ench]}"
            }
          ]
        },
		{
          "type": "minecraft:item",
          "weight": 42,
          "quality": 1,
          "name": "minecraft:blue_shulker_box",
          "functions": [
            {
              "function": "minecraft:set_nbt",
              "tag": "{PickupDelay:17000s,Tags:[fancy_it_random_ench]}"
            }
          ]
        },
		{
          "type": "minecraft:item",
          "weight": 60,
          "quality": 1,
          "name": "minecraft:purple_shulker_box",
          "functions": [
            {
              "function": "minecraft:set_nbt",
              "tag": "{PickupDelay:17000s,Tags:[fancy_it_random_ench]}"
            }
          ]
        },
		{
          "type": "minecraft:item",
          "weight": 40,
          "quality": 1,
          "name": "minecraft:cyan_shulker_box",
          "functions": [
            {
              "function": "minecraft:set_nbt",
              "tag": "{PickupDelay:17000s,Tags:[fancy_it_random_ench]}"
            }
          ]
        },
		{
          "type": "minecraft:item",
          "weight": 100,
          "quality": 1,
          "name": "minecraft:blue_wool",
          "functions": [
            {
              "function": "minecraft:set_nbt",
              "tag": "{PickupDelay:17000s,Tags:[fancy_it_random_ench]}"
            }
          ]
        },
		{
          "type": "minecraft:item",
          "weight": 100,
          "quality": 1,
          "name": "minecraft:brown_wool",
          "functions": [
            {
              "function": "minecraft:set_nbt",
              "tag": "{PickupDelay:17000s,Tags:[fancy_it_random_ench]}"
            }
          ]
        },
		{
          "type": "minecraft:item",
          "weight": 20,
          "quality": 1,
          "name": "minecraft:green_wool",
          "functions": [
            {
              "function": "minecraft:set_nbt",
              "tag": "{PickupDelay:17000s,Tags:[fancy_it_random_ench]}"
            }
          ]
        },
		{
          "type": "minecraft:item",
          "weight": 30,
          "quality": 1,
          "name": "minecraft:red_wool",
          "functions": [
            {
              "function": "minecraft:set_nbt",
              "tag": "{PickupDelay:17000s,Tags:[fancy_it_random_ench]}"
            }
          ]
        },
		{
          "type": "minecraft:item",
          "weight": 30,
          "quality": 1,
          "name": "minecraft:yellow_carpet",
          "functions": [
            {
              "function": "minecraft:set_nbt",
              "tag": "{PickupDelay:17000s,Tags:[fancy_it_random_ench]}"
            }
          ]
        },
		{
          "type": "minecraft:item",
          "weight": 30,
          "quality": 1,
          "name": "minecraft:white_carpet",
          "functions": [
            {
              "function": "minecraft:set_nbt",
              "tag": "{PickupDelay:17000s,Tags:[fancy_it_random_ench]}"
            }
          ]
        },
		{
          "type": "minecraft:item",
          "weight": 30,
          "quality": 1,
          "name": "minecraft:lime_carpet",
          "functions": [
            {
              "function": "minecraft:set_nbt",
              "tag": "{PickupDelay:17000s,Tags:[fancy_it_random_ench]}"
            }
          ]
        },
		{
          "type": "minecraft:item",
          "weight": 30,
          "quality": 1,
          "name": "minecraft:orange_carpet",
          "functions": [
            {
              "function": "minecraft:set_nbt",
              "tag": "{PickupDelay:17000s,Tags:[fancy_it_random_ench]}"
            }
          ]
        },
		{
          "type": "minecraft:item",
          "weight": 30,
          "quality": 1,
          "name": "minecraft:pink_carpet",
          "functions": [
            {
              "function": "minecraft:set_nbt",
              "tag": "{PickupDelay:17000s,Tags:[fancy_it_random_ench]}"
            }
          ]
        },
		{
          "type": "minecraft:item",
          "weight": 30,
          "quality": 1,
          "name": "minecraft:gray_carpet",
          "functions": [
            {
              "function": "minecraft:set_nbt",
              "tag": "{PickupDelay:17000s,Tags:[fancy_it_random_ench]}"
            }
          ]
        },
		{
          "type": "minecraft:item",
          "weight": 30,
          "quality": 1,
          "name": "minecraft:light_blue_carpet",
          "functions": [
            {
              "function": "minecraft:set_nbt",
              "tag": "{PickupDelay:17000s,Tags:[fancy_it_random_ench]}"
            }
          ]
        },
		{
          "type": "minecraft:item",
          "weight": 30,
          "quality": 1,
          "name": "minecraft:light_gray_carpet",
          "functions": [
            {
              "function": "minecraft:set_nbt",
              "tag": "{PickupDelay:17000s,Tags:[fancy_it_random_ench]}"
            }
          ]
        },
		{
          "type": "minecraft:item",
          "weight": 30,
          "quality": 1,
          "name": "minecraft:cyan_carpet",
          "functions": [
            {
              "function": "minecraft:set_nbt",
              "tag": "{PickupDelay:17000s,Tags:[fancy_it_random_ench]}"
            }
          ]
        },
		{
          "type": "minecraft:item",
          "weight": 30,
          "quality": 1,
          "name": "minecraft:purple_carpet",
          "functions": [
            {
              "function": "minecraft:set_nbt",
              "tag": "{PickupDelay:17000s,Tags:[fancy_it_random_ench]}"
            }
          ]
        },
		{
          "type": "minecraft:item",
          "weight": 30,
          "quality": 1,
          "name": "minecraft:blue_carpet",
          "functions": [
            {
              "function": "minecraft:set_nbt",
              "tag": "{PickupDelay:17000s,Tags:[fancy_it_random_ench]}"
            }
          ]
        },
		{
          "type": "minecraft:item",
          "weight": 30,
          "quality": 1,
          "name": "minecraft:magenta_carpet",
          "functions": [
            {
              "function": "minecraft:set_nbt",
              "tag": "{PickupDelay:17000s,Tags:[fancy_it_random_ench]}"
            }
          ]
        },
		{
          "type": "minecraft:item",
          "weight": 30,
          "quality": 1,
          "name": "minecraft:brown_carpet",
          "functions": [
            {
              "function": "minecraft:set_nbt",
              "tag": "{PickupDelay:17000s,Tags:[fancy_it_random_ench]}"
            }
          ]
        },
		{
          "type": "minecraft:item",
          "weight": 30,
          "quality": 1,
          "name": "minecraft:green_carpet",
          "functions": [
            {
              "function": "minecraft:set_nbt",
              "tag": "{PickupDelay:17000s,Tags:[fancy_it_random_ench]}"
            }
          ]
        },
		{
          "type": "minecraft:item",
          "weight": 15,
          "quality": 1,
          "name": "minecraft:red_carpet",
          "functions": [
            {
              "function": "minecraft:set_nbt",
              "tag": "{PickupDelay:17000s,Tags:[fancy_it_random_ench]}"
            }
          ]
        }		
      ]
    }
  ]
}