{
  "pools": [
    {
      "rolls": 1,
      "entries": [
        {
          "type": "minecraft:item",
          "weight": 1,
          "quality": 1,
          "name": "minecraft:white_concrete",
          "functions": [
            {
              "function": "minecraft:set_nbt",
              "tag": "{PickupDelay:20000s,Tags:[fancy_it_random4]}"
            }
          ]
        },
        {
          "type": "minecraft:item",
          "weight": 1,
          "quality": 1,
          "name": "minecraft:orange_concrete",
          "functions": [
            {
              "function": "minecraft:set_nbt",
              "tag": "{PickupDelay:20000s,Tags:[fancy_it_random4]}"
            }
          ]
        },
		{
          "type": "minecraft:item",
          "weight": 1,
          "quality": 1,
          "name": "minecraft:magenta_concrete",
          "functions": [
            {
              "function": "minecraft:set_nbt",
              "tag": "{PickupDelay:20000s,Tags:[fancy_it_random4]}"
            }
          ]
        },
		{
          "type": "minecraft:item",
          "weight": 1,
          "quality": 1,
          "name": "minecraft:red_concrete",
          "functions": [
            {
              "function": "minecraft:set_nbt",
              "tag": "{PickupDelay:17000s,Tags:[fancy_it_random4]}"
            }
          ]
        }		
      ]
    }
  ]
}